Timestamp,CameraLocation,Emotion,Confidence
2025-04-05 14:14:11.569,Museum Entrance,Neutral,0.5037186741828918
2025-04-05 14:14:11.998,Museum Entrance,Neutral,0.7557017207145691
2025-04-05 14:14:12.293,Museum Entrance,Neutral,0.6303322911262512
2025-04-05 14:14:12.582,Museum Entrance,Neutral,0.684309720993042
2025-04-05 14:14:12.851,Museum Entrance,Neutral,0.7809786200523376
2025-04-05 14:14:13.098,Museum Entrance,Neutral,0.7051615715026855
2025-04-05 14:14:13.348,Museum Entrance,Neutral,0.6956875324249268
2025-04-05 14:14:13.588,Museum Entrance,Neutral,0.6531463265419006
2025-04-05 14:14:13.835,Museum Entrance,Neutral,0.48054027557373047
2025-04-05 14:14:14.098,Museum Entrance,Happy,0.9834190607070923
2025-04-05 14:14:14.353,Museum Entrance,Happy,0.9934096336364746
2025-04-05 14:14:14.623,Museum Entrance,Happy,0.9874889254570007
2025-04-05 14:14:14.869,Museum Entrance,Happy,0.99382483959198
2025-04-05 14:14:15.121,Museum Entrance,Happy,0.9916041493415833
2025-04-05 14:14:15.381,Museum Entrance,Happy,0.9930384755134583
2025-04-05 14:14:15.651,Museum Entrance,Happy,0.9913042783737183
2025-04-05 14:14:15.908,Museum Entrance,Happy,0.9907135963439941
2025-04-05 14:14:16.154,Museum Entrance,Happy,0.9120017886161804
2025-04-05 14:14:16.421,Museum Entrance,Angry,0.5122687816619873
2025-04-05 14:14:16.683,Museum Entrance,Angry,0.739902138710022
2025-04-05 14:14:16.941,Museum Entrance,Angry,0.6661474108695984
2025-04-05 14:14:17.196,Museum Entrance,Angry,0.6584976315498352
2025-04-05 14:14:17.441,Museum Entrance,Angry,0.6055656671524048
2025-04-05 14:14:17.691,Museum Entrance,Angry,0.6213011741638184
2025-04-05 14:14:17.945,Museum Entrance,Angry,0.5790445804595947
2025-04-05 14:14:18.194,Museum Entrance,Angry,0.5693264007568359
2025-04-05 14:14:18.440,Museum Entrance,Neutral,0.45798400044441223
2025-04-05 14:14:18.679,Museum Entrance,Neutral,0.6225969791412354
2025-04-05 14:14:19.022,Museum Entrance,Neutral,0.6211808919906616
2025-04-05 14:14:19.327,Museum Entrance,Neutral,0.7304350733757019
2025-04-05 14:14:19.604,Museum Entrance,Neutral,0.6454423069953918
2025-04-05 14:14:19.880,Museum Entrance,Surprise,0.9902704954147339
2025-04-05 14:14:20.128,Museum Entrance,Surprise,0.9883403778076172
2025-04-05 14:14:20.407,Museum Entrance,Surprise,0.9875068664550781
2025-04-05 14:14:20.664,Museum Entrance,Surprise,0.9868729114532471
2025-04-05 14:14:20.913,Museum Entrance,Surprise,0.9827102422714233
2025-04-05 14:14:21.186,Museum Entrance,Surprise,0.9688091278076172
2025-04-05 14:14:21.452,Museum Entrance,Happy,0.5442914366722107
2025-04-05 14:14:21.711,Museum Entrance,Happy,0.9501189589500427
2025-04-05 14:14:21.988,Museum Entrance,Happy,0.9680306315422058
2025-04-05 14:14:22.235,Museum Entrance,Happy,0.9595667123794556
2025-04-05 14:14:22.503,Museum Entrance,Happy,0.5907936692237854
2025-04-05 14:14:22.761,Museum Entrance,Neutral,0.802782416343689
2025-04-05 14:14:23.008,Museum Entrance,Neutral,0.7476865649223328
2025-04-05 14:14:23.272,Museum Entrance,Neutral,0.5325079560279846
2025-04-05 14:14:23.536,Museum Entrance,Neutral,0.4300583600997925
2025-04-05 14:14:23.784,Museum Entrance,Neutral,0.4184376001358032
2025-04-05 14:14:24.027,Museum Entrance,Sad,0.316896915435791
2025-04-05 14:14:24.299,Museum Entrance,Angry,0.390473872423172
2025-04-05 14:14:24.573,Museum Entrance,Angry,0.4360100328922272
2025-04-05 14:14:24.824,Museum Entrance,Angry,0.38252484798431396
2025-04-05 14:14:25.092,Museum Entrance,Angry,0.36128637194633484
2025-04-05 14:14:25.339,Museum Entrance,Angry,0.36439040303230286
2025-04-05 14:14:25.591,Museum Entrance,Angry,0.3800627887248993
2025-04-05 14:14:25.856,Museum Entrance,Angry,0.38530734181404114
2025-04-05 14:14:26.107,Museum Entrance,Angry,0.44940850138664246
2025-04-05 14:14:26.365,Museum Entrance,Angry,0.3947141170501709
2025-04-05 14:14:26.614,Museum Entrance,Angry,0.39413321018218994
2025-04-05 14:14:26.866,Museum Entrance,Angry,0.4239930212497711
2025-04-05 14:14:27.104,Museum Entrance,Angry,0.4371459186077118
2025-04-05 14:14:27.355,Museum Entrance,Angry,0.3435901701450348
2025-04-05 14:14:27.604,Museum Entrance,Angry,0.4647635221481323
2025-04-05 14:14:27.862,Museum Entrance,Angry,0.5029109120368958
2025-04-05 14:14:28.119,Museum Entrance,Angry,0.3800852298736572
2025-04-05 14:14:28.365,Museum Entrance,Angry,0.3936646580696106
2025-04-05 14:14:28.611,Museum Entrance,Angry,0.4045504033565521
2025-04-05 14:14:28.875,Museum Entrance,Angry,0.41052737832069397
2025-04-05 14:14:29.126,Museum Entrance,Angry,0.43317580223083496
2025-04-05 14:14:29.389,Museum Entrance,Angry,0.3672127425670624
2025-04-05 14:14:29.628,Museum Entrance,Sad,0.3428826928138733
2025-04-05 14:14:29.877,Museum Entrance,Sad,0.3505648970603943
2025-04-05 14:14:30.126,Museum Entrance,Sad,0.33718979358673096
2025-04-05 14:14:30.356,Museum Entrance,Sad,0.3543921709060669
2025-04-05 14:14:30.581,Museum Entrance,Sad,0.3109140694141388
2025-04-05 14:14:30.796,Museum Entrance,Sad,0.3317461311817169
2025-04-05 14:14:31.016,Museum Entrance,Sad,0.3343605101108551
2025-04-05 14:14:31.231,Museum Entrance,Sad,0.33260825276374817
2025-04-05 14:14:31.462,Museum Entrance,Sad,0.3601275086402893
2025-04-05 14:14:31.686,Museum Entrance,Sad,0.3422907590866089
2025-04-05 14:14:31.908,Museum Entrance,Sad,0.3462892174720764
2025-04-05 14:14:32.168,Museum Entrance,Sad,0.334213525056839
2025-04-05 14:14:32.410,Museum Entrance,Happy,0.7964643836021423
2025-04-05 14:14:32.636,Museum Entrance,Happy,0.9914244413375854
2025-04-05 14:14:32.859,Museum Entrance,Happy,0.9956499934196472
2025-04-05 14:14:33.088,Museum Entrance,Happy,0.994270920753479
2025-04-05 14:14:33.320,Museum Entrance,Happy,0.9964340925216675
2025-04-05 14:14:33.558,Museum Entrance,Happy,0.9965537786483765
2025-04-05 14:14:33.783,Museum Entrance,Happy,0.9694721698760986
2025-04-05 14:14:33.998,Museum Entrance,Neutral,0.8306691646575928
2025-04-05 14:14:34.210,Museum Entrance,Surprise,0.9460947513580322
2025-04-05 14:14:34.447,Museum Entrance,Surprise,0.9299483895301819
2025-04-05 14:14:34.668,Museum Entrance,Surprise,0.909396231174469
2025-04-05 14:14:34.884,Museum Entrance,Surprise,0.8359586596488953
2025-04-05 14:14:35.109,Museum Entrance,Neutral,0.4330906867980957
2025-04-05 14:14:35.334,Museum Entrance,Neutral,0.6232098340988159
2025-04-05 14:14:35.563,Museum Entrance,Surprise,0.6479270458221436
2025-04-05 14:14:35.785,Museum Entrance,Surprise,0.7045198678970337
2025-04-05 14:14:36.007,Museum Entrance,Neutral,0.6425314545631409
2025-04-05 14:14:36.233,Museum Entrance,Neutral,0.6008819937705994
2025-04-05 14:14:36.457,Museum Entrance,Neutral,0.49526163935661316
2025-04-05 14:14:36.681,Museum Entrance,Neutral,0.506026566028595
2025-04-05 14:14:36.904,Museum Entrance,Neutral,0.5790668725967407
2025-04-05 14:14:37.135,Museum Entrance,Neutral,0.5027808547019958
2025-04-05 14:14:37.382,Museum Entrance,Neutral,0.3525431454181671
2025-04-05 14:14:37.612,Museum Entrance,Disgust,0.5835528373718262
2025-04-05 14:14:37.833,Museum Entrance,Disgust,0.42865926027297974
2025-04-05 14:14:38.054,Museum Entrance,Neutral,0.39114007353782654
2025-04-05 14:14:38.280,Museum Entrance,Neutral,0.5298599004745483
2025-04-05 14:14:38.506,Museum Entrance,Neutral,0.4142899811267853
2025-04-05 14:14:38.727,Museum Entrance,Neutral,0.5209012627601624
2025-04-05 14:14:38.949,Museum Entrance,Neutral,0.428249329328537
2025-04-05 14:14:39.200,Museum Entrance,Neutral,0.5296359062194824
2025-04-05 14:14:39.558,Museum Entrance,Neutral,0.49740129709243774
2025-04-05 14:14:39.781,Museum Entrance,Neutral,0.5128247141838074
2025-04-05 14:14:40.006,Museum Entrance,Neutral,0.5318901538848877
2025-04-05 14:14:40.232,Museum Entrance,Neutral,0.48242995142936707
2025-04-05 14:14:40.454,Museum Entrance,Neutral,0.6277222037315369
2025-04-05 14:14:40.687,Museum Entrance,Neutral,0.6956372261047363
2025-04-05 14:14:40.917,Museum Entrance,Neutral,0.5217975974082947
2025-04-05 14:14:41.150,Museum Entrance,Neutral,0.6492300033569336
2025-04-05 14:14:41.383,Museum Entrance,Neutral,0.6220177412033081
2025-04-05 14:14:41.616,Museum Entrance,Neutral,0.542336106300354
2025-04-05 14:14:41.853,Museum Entrance,Neutral,0.6326485872268677
2025-04-05 14:14:42.106,Museum Entrance,Neutral,0.612699568271637
2025-04-05 14:14:42.669,Museum Entrance,Angry,0.3466225564479828
2025-04-05 14:14:42.670,Museum Entrance,Neutral,0.4490865468978882
2025-04-05 14:14:42.910,Museum Entrance,Neutral,0.5918188691139221
2025-04-05 14:14:43.146,Museum Entrance,Neutral,0.434389591217041
2025-04-05 14:14:43.376,Museum Entrance,Neutral,0.4268997013568878
2025-04-05 14:14:43.626,Museum Entrance,Neutral,0.4224396049976349
2025-04-05 14:14:43.860,Museum Entrance,Neutral,0.4615347981452942
2025-04-05 14:14:44.095,Museum Entrance,Neutral,0.4190567135810852
2025-04-05 14:14:44.328,Museum Entrance,Neutral,0.41078728437423706
2025-04-05 14:14:44.576,Museum Entrance,Neutral,0.5103405117988586
2025-04-05 14:14:44.810,Museum Entrance,Neutral,0.39063820242881775
2025-04-05 14:14:45.042,Museum Entrance,Neutral,0.5016879439353943
2025-04-05 14:14:45.277,Museum Entrance,Neutral,0.36209791898727417
2025-04-05 14:14:45.512,Museum Entrance,Neutral,0.5538213849067688
2025-04-05 14:14:45.740,Museum Entrance,Neutral,0.401053786277771
2025-04-05 14:14:45.969,Museum Entrance,Neutral,0.5521101355552673
2025-04-05 14:14:46.202,Museum Entrance,Neutral,0.5819708108901978
2025-04-05 14:14:46.440,Museum Entrance,Neutral,0.4517868161201477
2025-04-05 14:14:46.670,Museum Entrance,Neutral,0.5308951735496521
2025-04-05 14:14:46.930,Museum Entrance,Neutral,0.38305214047431946
2025-04-05 14:14:47.181,Museum Entrance,Neutral,0.46060746908187866
2025-04-05 14:14:47.414,Museum Entrance,Neutral,0.5193083882331848
2025-04-05 14:14:47.638,Museum Entrance,Neutral,0.41481396555900574
2025-04-05 14:14:47.866,Museum Entrance,Neutral,0.3291158080101013
2025-04-05 14:14:48.095,Museum Entrance,Neutral,0.46851974725723267
2025-04-05 14:14:48.331,Museum Entrance,Neutral,0.4887688159942627
2025-04-05 14:14:48.569,Museum Entrance,Neutral,0.340573787689209
2025-04-05 14:14:48.802,Museum Entrance,Neutral,0.47758203744888306
2025-04-05 14:14:49.027,Museum Entrance,Fear,0.38616475462913513
2025-04-05 14:14:49.259,Museum Entrance,Neutral,0.3159463703632355
2025-04-05 14:14:49.501,Museum Entrance,Angry,0.33658671379089355
2025-04-05 14:14:49.502,Museum Entrance,Fear,0.3340243697166443
2025-04-05 14:14:49.737,Museum Entrance,Angry,0.29532307386398315
2025-04-05 14:14:49.737,Museum Entrance,Neutral,0.4802286922931671
2025-04-05 14:14:49.979,Museum Entrance,Neutral,0.5278480648994446
2025-04-05 14:14:50.216,Museum Entrance,Angry,0.3217574656009674
2025-04-05 14:14:50.217,Museum Entrance,Neutral,0.4253773093223572
2025-04-05 14:14:50.467,Museum Entrance,Neutral,0.617679238319397
2025-04-05 14:14:50.690,Museum Entrance,Angry,0.3470766246318817
2025-04-05 14:14:50.691,Museum Entrance,Neutral,0.578550398349762
2025-04-05 14:14:50.912,Museum Entrance,Fear,0.4078789949417114
2025-04-05 14:14:51.141,Museum Entrance,Neutral,0.41335976123809814
2025-04-05 14:14:51.363,Museum Entrance,Neutral,0.5976598858833313
2025-04-05 14:14:51.596,Museum Entrance,Neutral,0.4847090244293213
2025-04-05 14:14:51.597,Museum Entrance,Fear,0.34226515889167786
2025-04-05 14:14:51.833,Museum Entrance,Neutral,0.557797908782959
2025-04-05 14:14:51.834,Museum Entrance,Fear,0.36507874727249146
2025-04-05 14:14:52.061,Museum Entrance,Neutral,0.5045310258865356
2025-04-05 14:14:52.062,Museum Entrance,Fear,0.5921584963798523
2025-04-05 14:14:52.289,Museum Entrance,Neutral,0.6013520359992981
2025-04-05 14:14:52.527,Museum Entrance,Neutral,0.5264988541603088
2025-04-05 14:14:52.528,Museum Entrance,Fear,0.3629673421382904
2025-04-05 14:14:52.755,Museum Entrance,Neutral,0.53509122133255
2025-04-05 14:14:52.984,Museum Entrance,Neutral,0.5028834939002991
2025-04-05 14:14:53.211,Museum Entrance,Neutral,0.5693880319595337
2025-04-05 14:14:53.470,Museum Entrance,Neutral,0.6508215665817261
2025-04-05 14:14:53.718,Museum Entrance,Neutral,0.5291475057601929
2025-04-05 14:14:53.719,Museum Entrance,Fear,0.32651373744010925
2025-04-05 14:14:53.977,Museum Entrance,Neutral,0.6613224744796753
2025-04-05 14:14:53.978,Museum Entrance,Fear,0.3972366452217102
2025-04-05 14:14:54.230,Museum Entrance,Neutral,0.5393130779266357
2025-04-05 14:14:54.231,Museum Entrance,Fear,0.38056814670562744
2025-04-05 14:14:54.489,Museum Entrance,Neutral,0.5340772867202759
2025-04-05 14:14:54.776,Museum Entrance,Neutral,0.548875629901886
2025-04-05 14:14:55.162,Museum Entrance,Neutral,0.6163166165351868
2025-04-05 14:14:55.424,Museum Entrance,Neutral,0.5952702164649963
2025-04-05 14:14:55.689,Museum Entrance,Neutral,0.5561310648918152
2025-04-05 14:14:55.946,Museum Entrance,Neutral,0.4975791871547699
2025-04-05 14:14:56.211,Museum Entrance,Fear,0.46383798122406006
2025-04-05 14:14:56.467,Museum Entrance,Fear,0.4104194641113281
2025-04-05 14:14:56.468,Museum Entrance,Neutral,0.37437891960144043
2025-04-05 14:14:56.718,Museum Entrance,Neutral,0.4562252461910248
2025-04-05 14:14:56.975,Museum Entrance,Neutral,0.47439730167388916
2025-04-05 14:14:57.232,Museum Entrance,Neutral,0.4462502598762512
2025-04-05 14:14:57.481,Museum Entrance,Neutral,0.5115733742713928
2025-04-05 14:14:57.755,Museum Entrance,Neutral,0.7350937724113464
2025-04-05 14:14:58.011,Museum Entrance,Neutral,0.9021775126457214
2025-04-05 14:14:58.239,Museum Entrance,Happy,0.8761696815490723
2025-04-05 14:14:58.477,Museum Entrance,Happy,0.9744712114334106
2025-04-05 14:14:58.710,Museum Entrance,Happy,0.9801329374313354
2025-04-05 14:14:58.925,Museum Entrance,Happy,0.9848500490188599
2025-04-05 14:14:59.160,Museum Entrance,Happy,0.978861391544342
2025-04-05 14:14:59.397,Museum Entrance,Neutral,0.821588933467865
2025-04-05 14:14:59.636,Museum Entrance,Neutral,0.7381287813186646
2025-04-05 14:14:59.874,Museum Entrance,Neutral,0.7203873991966248
2025-04-05 14:15:00.135,Museum Entrance,Neutral,0.7425804734230042
2025-04-05 14:15:00.381,Museum Entrance,Neutral,0.7932001352310181
2025-04-05 14:15:00.649,Museum Entrance,Neutral,0.570204496383667
2025-04-05 14:15:00.904,Museum Entrance,Neutral,0.6602046489715576
2025-04-09 15:23:35.614,Museum Entrance,Neutral,0.6850406527519226
2025-04-09 15:23:36.000,Museum Entrance,Neutral,0.43145665526390076
2025-04-09 15:23:36.321,Museum Entrance,Neutral,0.6035362482070923
2025-04-09 15:23:36.595,Museum Entrance,Neutral,0.6511297821998596
2025-04-09 15:23:36.927,Museum Entrance,Neutral,0.6103227734565735
2025-04-09 15:23:37.228,Museum Entrance,Neutral,0.5796048641204834
2025-04-09 15:23:37.497,Museum Entrance,Neutral,0.6132367253303528
2025-04-09 15:23:37.745,Museum Entrance,Neutral,0.5244884490966797
2025-04-09 15:23:37.976,Museum Entrance,Neutral,0.48400142788887024
2025-04-09 15:23:38.999,Museum Entrance,Fear,0.30153945088386536
2025-04-09 15:23:39.231,Museum Entrance,Sad,0.29425686597824097
2025-04-09 15:23:41.449,Museum Entrance,Fear,0.3403109312057495
2025-04-09 15:23:44.242,Museum Entrance,Neutral,0.3377566337585449
2025-04-09 15:23:44.474,Museum Entrance,Neutral,0.4657925069332123
2025-04-09 15:23:44.790,Museum Entrance,Neutral,0.35955971479415894
2025-04-09 15:23:45.006,Museum Entrance,Neutral,0.3694959878921509
2025-04-09 15:23:45.229,Museum Entrance,Neutral,0.3647272288799286
2025-04-09 15:23:45.461,Museum Entrance,Neutral,0.4231214225292206
2025-04-09 15:23:45.677,Museum Entrance,Neutral,0.46318960189819336
2025-04-09 15:23:45.893,Museum Entrance,Neutral,0.6182538270950317
2025-04-09 15:23:46.093,Museum Entrance,Neutral,0.6639444828033447
2025-04-09 15:23:46.309,Museum Entrance,Neutral,0.6412630081176758
2025-04-09 15:23:46.509,Museum Entrance,Neutral,0.4532107412815094
2025-04-09 15:23:46.710,Museum Entrance,Neutral,0.6747215390205383
2025-04-09 15:23:46.910,Museum Entrance,Neutral,0.6553833484649658
2025-04-09 15:23:49.806,Museum Entrance,Sad,0.2899937331676483
2025-04-09 15:23:50.022,Museum Entrance,Neutral,0.3399210572242737
2025-04-09 15:23:50.476,Museum Entrance,Happy,0.4135432541370392
2025-04-09 15:23:55.112,Museum Entrance,Sad,0.43755224347114563
2025-04-09 15:23:55.361,Museum Entrance,Sad,0.4563744068145752
2025-04-09 15:23:55.572,Museum Entrance,Neutral,0.47150754928588867
2025-04-09 15:23:55.950,Museum Entrance,Sad,0.37533706426620483
2025-04-09 15:23:56.173,Museum Entrance,Neutral,0.41504552960395813
2025-04-09 15:23:56.389,Museum Entrance,Neutral,0.4905986487865448
2025-04-09 15:23:56.620,Museum Entrance,Neutral,0.45190370082855225
2025-04-09 15:23:56.836,Museum Entrance,Neutral,0.4742787480354309
2025-04-09 15:23:57.067,Museum Entrance,Neutral,0.4262153208255768
2025-04-09 15:23:57.290,Museum Entrance,Neutral,0.44977694749832153
2025-04-09 15:23:57.506,Museum Entrance,Neutral,0.43873536586761475
2025-04-09 15:23:57.738,Museum Entrance,Neutral,0.46643564105033875
2025-04-09 15:23:57.954,Museum Entrance,Neutral,0.5310319066047668
2025-04-09 15:23:58.176,Museum Entrance,Neutral,0.4154317080974579
2025-04-09 15:23:58.408,Museum Entrance,Neutral,0.41147515177726746
2025-04-09 15:23:58.624,Museum Entrance,Neutral,0.4221692681312561
2025-04-09 15:23:58.855,Museum Entrance,Neutral,0.4127269685268402
2025-04-09 15:23:59.078,Museum Entrance,Neutral,0.42957037687301636
2025-04-09 15:23:59.294,Museum Entrance,Neutral,0.4128227233886719
2025-04-09 15:23:59.510,Museum Entrance,Neutral,0.4515414535999298
2025-04-09 15:23:59.726,Museum Entrance,Neutral,0.5004349946975708
2025-04-09 15:23:59.942,Museum Entrance,Neutral,0.48055657744407654
2025-04-09 15:24:00.166,Museum Entrance,Neutral,0.3973669707775116
2025-04-09 15:24:00.397,Museum Entrance,Neutral,0.43219447135925293
2025-04-09 15:24:00.613,Museum Entrance,Neutral,0.4799762964248657
2025-04-09 15:24:00.851,Museum Entrance,Neutral,0.543389618396759
2025-04-09 15:24:01.067,Museum Entrance,Neutral,0.48811909556388855
2025-04-09 15:24:01.299,Museum Entrance,Neutral,0.42243343591690063
2025-04-09 15:24:01.603,Museum Entrance,Neutral,0.4835783839225769
2025-04-09 15:24:01.829,Museum Entrance,Neutral,0.5238999724388123
2025-04-09 15:24:02.045,Museum Entrance,Neutral,0.5246196985244751
2025-04-09 15:24:02.276,Museum Entrance,Neutral,0.4564351439476013
2025-04-09 15:24:02.492,Museum Entrance,Neutral,0.5116197466850281
2025-04-09 15:24:02.737,Museum Entrance,Neutral,0.5435840487480164
2025-04-09 15:24:02.968,Museum Entrance,Neutral,0.4427023231983185
2025-04-09 15:24:03.184,Museum Entrance,Neutral,0.5130949020385742
2025-04-09 15:24:03.407,Museum Entrance,Neutral,0.4779559075832367
2025-04-09 15:24:03.670,Museum Entrance,Neutral,0.5578730702400208
2025-04-09 15:24:04.040,Museum Entrance,Neutral,0.3223665952682495
2025-04-09 15:24:04.272,Museum Entrance,Neutral,0.4187094271183014
2025-04-09 15:24:04.503,Museum Entrance,Neutral,0.5407904982566833
2025-04-09 15:24:04.726,Museum Entrance,Neutral,0.5110296607017517
2025-04-09 15:24:05.379,Museum Entrance,Happy,0.38546815514564514
2025-04-09 15:24:05.864,Museum Entrance,Fear,0.3080107271671295
2025-04-09 15:24:06.207,Museum Entrance,Neutral,0.43469899892807007
2025-04-09 15:24:07.538,Museum Entrance,Happy,0.41829222440719604
2025-04-09 15:24:07.770,Museum Entrance,Happy,0.8466612696647644
2025-04-09 15:24:07.986,Museum Entrance,Happy,0.9497913122177124
2025-04-09 15:24:08.217,Museum Entrance,Happy,0.8283483982086182
2025-04-09 15:24:08.440,Museum Entrance,Happy,0.9708839058876038
2025-04-09 15:24:08.687,Museum Entrance,Happy,0.9884575009346008
2025-04-09 15:24:08.919,Museum Entrance,Happy,0.9644351601600647
2025-04-09 15:24:09.141,Museum Entrance,Happy,0.9397954940795898
2025-04-09 15:24:09.372,Museum Entrance,Happy,0.9917100071907043
2025-04-09 15:24:09.620,Museum Entrance,Happy,0.9879948496818542
2025-04-09 15:24:09.858,Museum Entrance,Happy,0.9851928949356079
2025-04-09 15:24:10.121,Museum Entrance,Happy,0.9678570628166199
2025-04-09 15:24:10.421,Museum Entrance,Happy,0.9183551669120789
2025-04-09 15:24:10.689,Museum Entrance,Neutral,0.7572804689407349
2025-04-09 15:24:10.952,Museum Entrance,Neutral,0.7975308299064636
2025-04-09 15:24:11.237,Museum Entrance,Neutral,0.8497685194015503
2025-04-09 15:24:11.567,Museum Entrance,Neutral,0.8400281071662903
2025-04-09 15:24:11.879,Museum Entrance,Neutral,0.8246573805809021
2025-04-09 15:24:12.172,Museum Entrance,Neutral,0.8433604836463928
2025-04-09 15:24:12.489,Museum Entrance,Neutral,0.7290112972259521
2025-04-09 15:24:12.758,Museum Entrance,Happy,0.8480563759803772
2025-04-09 15:24:13.058,Museum Entrance,Happy,0.6127231121063232
2025-04-09 15:24:13.337,Museum Entrance,Neutral,0.9043470025062561
2025-04-09 15:24:13.606,Museum Entrance,Neutral,0.849301278591156
2025-04-09 15:24:14.227,Museum Entrance,Sad,0.27845364809036255
2025-04-09 15:24:14.227,Museum Entrance,Neutral,0.7352097034454346
2025-04-09 15:24:14.512,Museum Entrance,Neutral,0.6385841965675354
2025-04-09 15:24:14.790,Museum Entrance,Happy,0.9262212514877319
2025-04-09 15:24:15.060,Museum Entrance,Happy,0.9934878349304199
2025-04-09 15:24:15.298,Museum Entrance,Happy,0.9889137148857117
2025-04-09 15:24:15.561,Museum Entrance,Happy,0.9273657202720642
2025-04-09 15:24:15.815,Museum Entrance,Happy,0.9081412553787231
2025-04-09 15:24:16.063,Museum Entrance,Happy,0.9345933198928833
2025-04-09 15:24:16.843,Museum Entrance,Happy,0.5175521969795227
2025-04-09 15:24:17.085,Museum Entrance,Happy,0.9152175784111023
2025-04-09 15:24:17.332,Museum Entrance,Happy,0.8377475142478943
2025-04-09 15:24:17.570,Museum Entrance,Happy,0.9534148573875427
2025-04-09 15:24:17.833,Museum Entrance,Happy,0.9415847659111023
2025-04-09 15:24:18.087,Museum Entrance,Happy,0.9545719027519226
2025-04-09 15:24:18.334,Museum Entrance,Happy,0.9645426273345947
2025-04-09 15:24:18.587,Museum Entrance,Happy,0.9521273970603943
2025-04-09 15:24:18.835,Museum Entrance,Happy,0.9522209167480469
2025-04-09 15:24:19.073,Museum Entrance,Happy,0.9240059852600098
2025-04-09 15:24:19.320,Museum Entrance,Neutral,0.7068780660629272
2025-04-09 15:24:19.558,Museum Entrance,Neutral,0.6562941074371338
2025-04-09 15:24:19.805,Museum Entrance,Happy,0.8178337216377258
2025-04-09 15:24:20.059,Museum Entrance,Happy,0.6241189241409302
2025-04-09 15:24:20.306,Museum Entrance,Neutral,0.4058055579662323
2025-04-09 15:24:20.938,Museum Entrance,Happy,0.6410506963729858
2025-04-09 15:24:21.176,Museum Entrance,Happy,0.8891980051994324
2025-04-09 15:24:22.078,Museum Entrance,Neutral,0.5466585159301758
2025-04-09 15:24:23.005,Museum Entrance,Neutral,0.48341435194015503
2025-04-09 15:24:23.290,Museum Entrance,Neutral,0.7058781385421753
2025-04-09 15:24:23.290,Museum Entrance,Happy,0.6462361812591553
2025-04-09 15:24:23.568,Museum Entrance,Happy,0.7961786389350891
2025-04-09 15:24:23.853,Museum Entrance,Neutral,0.6978939771652222
2025-04-09 15:24:23.853,Museum Entrance,Happy,0.87714022397995
2025-04-09 15:24:24.154,Museum Entrance,Neutral,0.64131098985672
2025-04-09 15:24:24.154,Museum Entrance,Happy,0.5536064505577087
2025-04-09 15:24:24.412,Museum Entrance,Happy,0.30088579654693604
2025-04-09 15:24:24.412,Museum Entrance,Neutral,0.30431342124938965
2025-04-09 15:24:25.406,Museum Entrance,Sad,0.2552644610404968
2025-04-09 15:24:25.654,Museum Entrance,Surprise,0.361486554145813
2025-04-09 15:24:25.654,Museum Entrance,Sad,0.3794941008090973
2025-04-09 15:24:26.064,Museum Entrance,Happy,0.6159065365791321
2025-04-09 15:24:26.335,Museum Entrance,Happy,0.5240296125411987
2025-04-09 15:24:26.616,Museum Entrance,Happy,0.780505359172821
2025-04-09 15:24:27.290,Museum Entrance,Happy,0.23596978187561035
2025-04-09 15:24:28.160,Museum Entrance,Neutral,0.410909503698349
2025-04-09 15:24:29.136,Museum Entrance,Neutral,0.24309886991977692
2025-04-09 15:24:29.368,Museum Entrance,Happy,0.3199580907821655
2025-04-09 15:24:30.121,Museum Entrance,Neutral,0.48626431822776794
2025-04-09 15:24:30.790,Museum Entrance,Neutral,0.4794829487800598
2025-04-09 15:24:31.129,Museum Entrance,Neutral,0.359186589717865
2025-04-09 15:24:31.376,Museum Entrance,Happy,0.7649816274642944
2025-04-09 15:24:31.946,Museum Entrance,Happy,0.35415053367614746
2025-04-09 15:24:32.474,Museum Entrance,Sad,0.4132237434387207
2025-04-09 15:24:36.140,Museum Entrance,Happy,0.33759284019470215
2025-04-09 15:24:36.391,Museum Entrance,Neutral,0.37038612365722656
2025-04-09 15:24:36.739,Museum Entrance,Neutral,0.39932289719581604
2025-04-09 15:24:37.413,Museum Entrance,Neutral,0.43396610021591187
2025-04-09 15:24:37.413,Museum Entrance,Neutral,0.4016784727573395
2025-04-09 15:24:38.856,Museum Entrance,Neutral,0.3134779930114746
2025-04-09 15:24:39.227,Museum Entrance,Neutral,0.4424721300601959
2025-04-09 15:24:39.227,Museum Entrance,Neutral,0.4542587399482727
2025-04-09 15:24:40.705,Museum Entrance,Happy,0.2734624445438385
2025-04-09 15:24:41.906,Museum Entrance,Neutral,0.29639357328414917
2025-04-09 15:24:42.138,Museum Entrance,Neutral,0.6397805213928223
2025-04-09 15:24:42.393,Museum Entrance,Neutral,0.5572394728660583
2025-04-09 15:24:42.618,Museum Entrance,Neutral,0.5332930088043213
2025-04-09 15:24:42.869,Museum Entrance,Neutral,0.549532413482666
2025-04-09 15:24:43.170,Museum Entrance,Neutral,0.5748915672302246
2025-04-09 15:24:43.402,Museum Entrance,Neutral,0.5877688527107239
2025-04-09 15:24:43.655,Museum Entrance,Neutral,0.600233793258667
2025-04-09 15:24:43.902,Museum Entrance,Neutral,0.7113828659057617
2025-04-09 15:24:44.156,Museum Entrance,Neutral,0.6885430216789246
2025-04-09 15:24:44.419,Museum Entrance,Neutral,0.5422152876853943
2025-04-09 15:24:44.672,Museum Entrance,Neutral,0.5158731341362
2025-04-09 15:24:44.935,Museum Entrance,Neutral,0.569814920425415
2025-05-08 14:57:49.128,Museum Entrance,Happy,0.8722583651542664
2025-05-08 14:57:51.470,Museum Entrance,Neutral,0.2539438307285309
2025-05-08 14:57:51.770,Museum Entrance,Neutral,0.4448019564151764
2025-05-08 14:57:52.037,Museum Entrance,Neutral,0.6561960577964783
2025-05-08 14:57:52.298,Museum Entrance,Neutral,0.6334725618362427
2025-05-08 14:57:52.564,Museum Entrance,Neutral,0.6632052063941956
2025-05-08 14:57:52.832,Museum Entrance,Happy,0.8494748473167419
2025-05-08 14:57:53.087,Museum Entrance,Happy,0.9315845966339111
2025-05-08 14:57:53.381,Museum Entrance,Happy,0.9645128846168518
2025-05-08 14:57:53.662,Museum Entrance,Happy,0.9777418971061707
2025-05-08 14:57:53.923,Museum Entrance,Happy,0.9816204309463501
2025-05-08 14:57:54.195,Museum Entrance,Happy,0.9780741930007935
2025-05-08 14:57:54.471,Museum Entrance,Happy,0.9747170805931091
2025-05-08 14:57:54.725,Museum Entrance,Happy,0.9918930530548096
2025-05-08 14:57:55.082,Museum Entrance,Happy,0.9642314314842224
2025-05-08 14:57:55.354,Museum Entrance,Happy,0.9571283459663391
2025-05-08 14:57:55.654,Museum Entrance,Happy,0.9785671234130859
2025-05-08 14:57:55.955,Museum Entrance,Happy,0.953493595123291
2025-05-08 14:57:56.587,Museum Entrance,Happy,0.9361453056335449
2025-05-08 14:57:56.944,Museum Entrance,Happy,0.9458684325218201
2025-05-08 14:57:57.254,Museum Entrance,Happy,0.7512229681015015
2025-05-08 14:57:57.537,Museum Entrance,Happy,0.5107380151748657
2025-05-08 14:57:57.804,Museum Entrance,Neutral,0.5744463801383972
2025-05-08 14:57:58.053,Museum Entrance,Neutral,0.6230401992797852
2025-05-08 14:57:58.404,Museum Entrance,Neutral,0.6814593076705933
2025-05-08 14:57:58.704,Museum Entrance,Neutral,0.8436450958251953
2025-05-08 14:57:58.987,Museum Entrance,Neutral,0.8351587057113647
2025-05-08 14:57:59.271,Museum Entrance,Neutral,0.671183168888092
2025-05-08 14:57:59.537,Museum Entrance,Neutral,0.6399523019790649
2025-05-08 14:57:59.899,Museum Entrance,Surprise,0.960328996181488
2025-05-08 14:58:00.197,Museum Entrance,Surprise,0.9305122494697571
2025-05-08 14:58:00.495,Museum Entrance,Surprise,0.8977028131484985
2025-05-08 14:58:00.793,Museum Entrance,Surprise,0.8967558741569519
2025-05-08 14:58:01.087,Museum Entrance,Surprise,0.8942511677742004
2025-05-08 14:58:01.370,Museum Entrance,Happy,0.9944374561309814
2025-05-08 14:58:01.723,Museum Entrance,Happy,0.9986586570739746
2025-05-08 14:58:02.020,Museum Entrance,Happy,0.979840874671936
2025-05-08 14:58:02.838,Museum Entrance,Happy,0.9700804948806763
2025-05-08 14:58:03.853,Museum Entrance,Happy,0.9773719906806946
2025-05-08 14:58:04.156,Museum Entrance,Happy,0.9730566143989563
2025-05-08 14:58:04.577,Museum Entrance,Happy,0.957598090171814
2025-05-08 14:58:05.136,Museum Entrance,Happy,0.9547994136810303
2025-05-08 14:58:05.911,Museum Entrance,Happy,0.9977732300758362
2025-05-08 14:58:07.039,Museum Entrance,Angry,0.37826210260391235
2025-05-08 14:58:07.039,Museum Entrance,Neutral,0.7196086049079895
2025-05-08 14:58:07.408,Museum Entrance,Neutral,0.4805389940738678
2025-05-08 14:58:07.728,Museum Entrance,Neutral,0.5676944255828857
2025-05-08 14:58:08.079,Museum Entrance,Neutral,0.6746852993965149
2025-05-08 14:58:08.378,Museum Entrance,Happy,0.7046014070510864
2025-05-08 14:58:08.669,Museum Entrance,Happy,0.8046901226043701
2025-05-08 14:58:08.973,Museum Entrance,Happy,0.8140844106674194
2025-05-08 14:58:09.323,Museum Entrance,Happy,0.7615109086036682
2025-05-08 14:58:09.628,Museum Entrance,Happy,0.7501764297485352
2025-05-08 14:58:09.911,Museum Entrance,Happy,0.8300660252571106
2025-05-08 14:58:10.177,Museum Entrance,Happy,0.6225645542144775
2025-05-08 14:58:10.502,Museum Entrance,Happy,0.7312921285629272
2025-05-08 14:58:10.812,Museum Entrance,Neutral,0.7579385042190552
2025-05-08 14:58:11.177,Museum Entrance,Neutral,0.7696182727813721
2025-05-08 14:58:11.486,Museum Entrance,Neutral,0.8019279837608337
2025-05-08 14:58:11.794,Museum Entrance,Neutral,0.7648254036903381
2025-05-08 14:58:12.133,Museum Entrance,Neutral,0.7110453844070435
2025-05-08 14:58:12.133,Museum Entrance,Neutral,0.31415385007858276
2025-05-08 14:58:12.480,Museum Entrance,Happy,0.6003751754760742
2025-05-08 14:58:12.480,Museum Entrance,Neutral,0.29529163241386414
2025-05-08 14:58:12.803,Museum Entrance,Happy,0.514797031879425
2025-05-08 14:58:12.803,Museum Entrance,Neutral,0.3671828508377075
2025-05-08 14:58:13.105,Museum Entrance,Happy,0.6473248600959778
2025-05-08 14:58:13.419,Museum Entrance,Happy,0.7887839078903198
2025-05-08 14:58:13.802,Museum Entrance,Happy,0.7400290369987488
2025-05-08 14:58:14.119,Museum Entrance,Happy,0.4732990264892578
2025-05-08 14:58:14.419,Museum Entrance,Neutral,0.7972311973571777
2025-05-08 14:58:14.713,Museum Entrance,Happy,0.5466647744178772
2025-05-08 14:58:15.006,Museum Entrance,Happy,0.5196220278739929
2025-05-08 14:58:15.329,Museum Entrance,Happy,0.518561601638794
2025-05-08 14:58:15.643,Museum Entrance,Neutral,0.5515384078025818
2025-05-08 14:58:15.954,Museum Entrance,Neutral,0.5127838253974915
2025-05-08 14:58:15.954,Museum Entrance,Neutral,0.294850617647171
2025-05-08 14:58:16.251,Museum Entrance,Neutral,0.510276734828949
2025-05-08 14:58:16.251,Museum Entrance,Neutral,0.6127249002456665
2025-05-08 14:58:16.586,Museum Entrance,Neutral,0.5207304358482361
2025-05-08 14:58:16.588,Museum Entrance,Neutral,0.6924164891242981
2025-05-08 14:58:16.913,Museum Entrance,Happy,0.486125111579895
2025-05-08 14:58:16.913,Museum Entrance,Neutral,0.6477477550506592
2025-05-08 14:58:17.327,Museum Entrance,Neutral,0.4861433804035187
2025-05-08 14:58:17.329,Museum Entrance,Neutral,0.5616492033004761
2025-05-08 14:58:17.678,Museum Entrance,Neutral,0.49037185311317444
2025-05-08 14:58:17.678,Museum Entrance,Neutral,0.5564872026443481
2025-05-08 14:58:18.020,Museum Entrance,Happy,0.6180509924888611
2025-05-08 14:58:18.020,Museum Entrance,Neutral,0.7016022205352783
2025-05-08 14:58:18.369,Museum Entrance,Neutral,0.6657077074050903
2025-05-08 14:58:18.369,Museum Entrance,Neutral,0.6502698063850403
2025-05-08 14:58:18.732,Museum Entrance,Neutral,0.5841726064682007
2025-05-08 14:58:18.732,Museum Entrance,Neutral,0.5305798053741455
2025-05-08 14:58:19.086,Museum Entrance,Neutral,0.6299731731414795
2025-05-08 14:58:19.086,Museum Entrance,Neutral,0.7194049954414368
2025-05-08 14:58:19.494,Museum Entrance,Neutral,0.546800971031189
2025-05-08 14:58:19.494,Museum Entrance,Neutral,0.7783483266830444
2025-05-08 14:58:19.893,Museum Entrance,Neutral,0.6742616891860962
2025-05-08 14:58:19.893,Museum Entrance,Neutral,0.536805272102356
2025-05-08 14:58:20.261,Museum Entrance,Neutral,0.6391359567642212
2025-05-08 14:58:20.261,Museum Entrance,Happy,0.9735676050186157
2025-05-08 14:58:20.602,Museum Entrance,Neutral,0.582996666431427
2025-05-08 14:58:20.602,Museum Entrance,Happy,0.5680258274078369
2025-05-08 14:58:20.892,Museum Entrance,Neutral,0.5739774703979492
2025-05-08 14:58:20.902,Museum Entrance,Happy,0.7424589991569519
2025-05-08 14:58:20.902,Museum Entrance,Disgust,0.6230797171592712
2025-05-08 14:58:21.142,Museum Entrance,Neutral,0.6630125045776367
2025-05-08 14:58:21.407,Museum Entrance,Neutral,0.664435863494873
2025-05-08 14:58:21.644,Museum Entrance,Neutral,0.5837660431861877
2025-05-08 14:58:21.884,Museum Entrance,Neutral,0.620948314666748
2025-05-08 14:58:22.108,Museum Entrance,Neutral,0.5423388481140137
2025-05-08 14:58:22.339,Museum Entrance,Neutral,0.6170334219932556
2025-05-08 14:58:22.564,Museum Entrance,Happy,0.5894458889961243
2025-05-08 14:58:22.790,Museum Entrance,Neutral,0.6155914664268494
2025-05-08 14:58:26.258,Museum Entrance,Disgust,0.3438222408294678
2025-05-08 14:58:28.131,Museum Entrance,Angry,0.31347349286079407
2025-05-08 14:58:33.172,Museum Entrance,Angry,0.3734124004840851
2025-05-08 14:59:30.077,Museum Entrance,Angry,0.44301360845565796
2025-05-08 14:59:33.932,Museum Entrance,Disgust,0.60129314661026
2025-05-08 14:59:35.461,Museum Entrance,Angry,0.5175819396972656
2025-05-08 14:59:35.678,Museum Entrance,Disgust,0.3913814127445221
2025-05-08 15:04:53.869,Museum Entrance,Sad,0.3858474791049957
2025-05-08 15:04:54.109,Museum Entrance,Sad,0.3864764869213104
2025-05-08 15:04:54.359,Museum Entrance,Fear,0.37377697229385376
2025-05-08 15:04:54.619,Museum Entrance,Sad,0.33353713154792786
2025-05-08 15:04:54.859,Museum Entrance,Fear,0.3321041166782379
2025-05-08 15:04:55.129,Museum Entrance,Sad,0.3306424021720886
2025-05-08 15:04:55.377,Museum Entrance,Sad,0.33796730637550354
2025-05-08 15:04:55.606,Museum Entrance,Fear,0.4472971558570862
2025-05-08 15:04:55.856,Museum Entrance,Fear,0.3142634928226471
2025-05-08 15:04:56.120,Museum Entrance,Fear,0.3016780912876129
2025-05-08 15:04:56.412,Museum Entrance,Fear,0.4008730947971344
2025-05-08 15:04:56.712,Museum Entrance,Sad,0.3334721028804779
2025-05-08 15:04:56.933,Museum Entrance,Sad,0.4000909924507141
2025-05-08 15:04:57.153,Museum Entrance,Sad,0.3157418966293335
2025-05-08 15:04:57.377,Museum Entrance,Sad,0.27034619450569153
2025-05-08 15:04:57.730,Museum Entrance,Sad,0.3063690960407257
2025-05-08 15:08:51.061,Museum Entrance,Angry,0.3016987442970276
2025-05-08 15:08:54.743,Museum Entrance,Sad,0.3231431841850281
2025-05-08 15:08:55.050,Museum Entrance,Neutral,0.6648032665252686
2025-05-08 15:08:55.333,Museum Entrance,Neutral,0.7535631060600281
2025-05-08 15:08:55.610,Museum Entrance,Neutral,0.7296672463417053
2025-05-08 15:08:55.937,Museum Entrance,Neutral,0.7665226459503174
2025-05-08 15:08:56.226,Museum Entrance,Neutral,0.7776183485984802
2025-05-08 15:08:56.509,Museum Entrance,Neutral,0.7222151160240173
2025-05-08 15:08:56.806,Museum Entrance,Neutral,0.763467013835907
2025-05-08 15:08:57.117,Museum Entrance,Neutral,0.6099122762680054
2025-05-08 15:08:57.397,Museum Entrance,Neutral,0.5573580861091614
2025-05-08 15:08:57.689,Museum Entrance,Neutral,0.6166937947273254
2025-05-08 15:08:57.996,Museum Entrance,Neutral,0.5759091377258301
2025-05-08 15:08:58.287,Museum Entrance,Neutral,0.5882156491279602
2025-05-08 15:08:58.590,Museum Entrance,Happy,0.9210773706436157
2025-05-08 15:08:58.898,Museum Entrance,Happy,0.8871990442276001
2025-05-08 15:08:59.186,Museum Entrance,Happy,0.7526836395263672
2025-05-08 15:08:59.483,Museum Entrance,Happy,0.585153341293335
2025-05-08 15:08:59.796,Museum Entrance,Neutral,0.5074062943458557
2025-05-08 15:09:00.093,Museum Entrance,Neutral,0.7604584693908691
2025-05-08 15:13:47.469,Museum Entrance,Sad,0.36490771174430847
2025-05-08 15:13:47.894,Museum Entrance,Angry,0.35041067004203796
2025-05-08 15:13:48.352,Museum Entrance,Neutral,0.6647963523864746
2025-05-08 15:13:49.459,Museum Entrance,Happy,0.5093585252761841
2025-05-08 15:13:52.558,Museum Entrance,Fear,0.3521806299686432
2025-05-08 15:13:53.213,Museum Entrance,Neutral,0.39282920956611633
2025-05-08 15:13:53.479,Museum Entrance,Neutral,0.44532477855682373
2025-05-08 15:13:53.756,Museum Entrance,Neutral,0.6011640429496765
2025-05-08 15:13:54.013,Museum Entrance,Neutral,0.5366138815879822
2025-05-08 15:13:54.284,Museum Entrance,Neutral,0.5347278714179993
2025-05-08 15:13:55.012,Museum Entrance,Neutral,0.46965092420578003
2025-05-08 15:13:55.012,Museum Entrance,Disgust,0.8163407444953918
2025-05-08 15:13:55.306,Museum Entrance,Happy,0.9682998061180115
2025-05-08 15:13:55.573,Museum Entrance,Happy,0.9493322372436523
2025-05-08 15:13:55.862,Museum Entrance,Happy,0.9846867918968201
2025-05-08 15:13:56.125,Museum Entrance,Happy,0.9427957534790039
2025-05-08 15:13:56.414,Museum Entrance,Happy,0.9159041047096252
2025-05-08 15:13:56.690,Museum Entrance,Disgust,0.611342191696167
2025-05-08 15:13:56.690,Museum Entrance,Happy,0.9827002286911011
2025-05-08 15:13:56.962,Museum Entrance,Happy,0.974332332611084
2025-05-08 15:13:57.228,Museum Entrance,Neutral,0.5726721286773682
2025-05-08 15:13:57.496,Museum Entrance,Neutral,0.7805801630020142
2025-05-08 15:13:57.744,Museum Entrance,Neutral,0.5626117587089539
2025-05-08 15:13:58.027,Museum Entrance,Neutral,0.7329766154289246
2025-05-08 15:13:58.272,Museum Entrance,Neutral,0.7564756274223328
2025-05-08 15:13:58.549,Museum Entrance,Neutral,0.7603312134742737
2025-05-08 15:13:59.070,Museum Entrance,Neutral,0.7931718230247498
2025-05-08 15:13:59.335,Museum Entrance,Neutral,0.660661518573761
2025-05-08 15:13:59.607,Museum Entrance,Neutral,0.763696014881134
2025-05-08 15:13:59.858,Museum Entrance,Neutral,0.7738389372825623
2025-05-08 15:14:00.135,Museum Entrance,Angry,0.4143676459789276
2025-05-08 15:14:00.135,Museum Entrance,Neutral,0.7956493496894836
2025-05-08 15:14:01.263,Museum Entrance,Neutral,0.5365796089172363
2025-05-08 15:14:01.542,Museum Entrance,Neutral,0.41252392530441284
2025-05-08 15:14:02.573,Museum Entrance,Angry,0.29843953251838684
2025-05-08 15:14:03.202,Museum Entrance,Sad,0.4293528199195862
2025-05-08 15:14:06.025,Museum Entrance,Angry,0.355583131313324
2025-05-08 15:14:06.319,Museum Entrance,Neutral,0.5056683421134949
2025-05-08 15:14:06.605,Museum Entrance,Neutral,0.7079880833625793
2025-05-08 15:14:06.981,Museum Entrance,Neutral,0.5493330955505371
2025-05-08 15:14:12.009,Museum Entrance,Angry,0.4190673530101776
2025-05-08 15:14:12.565,Museum Entrance,Disgust,0.7850664854049683
2025-05-08 15:14:25.283,Museum Entrance,Disgust,0.5800579786300659
2025-05-08 15:14:26.298,Museum Entrance,Sad,0.332197904586792
2025-05-26 19:51:43.736,Museum Entrance,Neutral,0.6898580193519592
2025-05-26 19:51:46.382,Museum Entrance,Angry,0.511653482913971
2025-05-26 19:51:46.610,Museum Entrance,Neutral,0.5949515700340271
2025-05-26 19:51:46.949,Museum Entrance,Neutral,0.7058011889457703
2025-05-26 19:51:47.171,Museum Entrance,Neutral,0.679767906665802
2025-05-26 19:51:47.373,Museum Entrance,Sad,0.24312736093997955
2025-05-26 19:51:47.581,Museum Entrance,Sad,0.27209362387657166
2025-05-26 19:51:47.799,Museum Entrance,Sad,0.2932438552379608
2025-05-26 19:51:48.010,Museum Entrance,Sad,0.28829237818717957
2025-05-26 19:51:48.219,Museum Entrance,Neutral,0.28054705262184143
2025-05-26 19:51:48.442,Museum Entrance,Neutral,0.271187424659729
2025-05-26 19:51:49.098,Museum Entrance,Happy,0.39756399393081665
2025-05-26 19:51:49.323,Museum Entrance,Happy,0.434209942817688
2025-05-26 19:51:49.558,Museum Entrance,Happy,0.708482563495636
2025-05-26 19:51:49.783,Museum Entrance,Happy,0.6803090572357178
2025-05-26 19:51:50.014,Museum Entrance,Happy,0.7982347011566162
2025-05-26 19:51:50.244,Museum Entrance,Happy,0.8271552920341492
2025-05-26 19:51:50.479,Museum Entrance,Happy,0.7523953318595886
2025-05-26 19:51:50.720,Museum Entrance,Happy,0.8481874465942383
2025-05-26 19:51:50.945,Museum Entrance,Angry,0.36524009704589844
2025-05-26 19:51:51.472,Museum Entrance,Neutral,0.45938530564308167
2025-05-26 19:51:51.887,Museum Entrance,Surprise,0.30530479550361633
2025-05-26 19:51:52.299,Museum Entrance,Neutral,0.4729112684726715
2025-05-26 19:51:52.534,Museum Entrance,Neutral,0.3682350218296051
2025-05-26 19:51:53.948,Museum Entrance,Surprise,0.2567504346370697
2025-05-26 19:51:55.170,Museum Entrance,Angry,0.2881322205066681
2025-05-26 19:51:55.485,Museum Entrance,Angry,0.3260112404823303
2025-05-26 19:51:55.900,Museum Entrance,Neutral,0.41934046149253845
2025-05-26 19:51:56.243,Museum Entrance,Neutral,0.48792415857315063
2025-05-26 19:51:56.481,Museum Entrance,Neutral,0.3865468204021454
2025-05-26 19:51:56.725,Museum Entrance,Neutral,0.34073102474212646
2025-05-26 19:51:57.164,Museum Entrance,Neutral,0.5786827206611633
2025-05-26 19:51:57.490,Museum Entrance,Neutral,0.4605197310447693
2025-05-26 19:51:57.715,Museum Entrance,Neutral,0.3612099587917328
2025-05-26 19:51:58.050,Museum Entrance,Neutral,0.3757514953613281
2025-05-26 19:51:58.327,Museum Entrance,Neutral,0.5387604832649231
2025-05-26 19:51:58.649,Museum Entrance,Neutral,0.3723209500312805
2025-05-26 19:51:58.876,Museum Entrance,Neutral,0.4318832457065582
2025-05-26 19:51:59.105,Museum Entrance,Neutral,0.4313495457172394
2025-05-26 19:51:59.329,Museum Entrance,Neutral,0.5110902786254883
2025-05-26 19:51:59.650,Museum Entrance,Neutral,0.3223603367805481
2025-05-26 19:51:59.873,Museum Entrance,Neutral,0.3838554918766022
2025-05-26 19:52:00.113,Museum Entrance,Neutral,0.4272932708263397
2025-05-26 19:52:00.342,Museum Entrance,Neutral,0.4997200667858124
2025-05-26 19:52:00.570,Museum Entrance,Neutral,0.4436596632003784
2025-05-26 19:52:00.793,Museum Entrance,Neutral,0.44301822781562805
2025-05-26 19:52:01.019,Museum Entrance,Neutral,0.42007976770401
2025-05-26 19:52:01.241,Museum Entrance,Neutral,0.4624660015106201
2025-05-26 19:52:01.470,Museum Entrance,Neutral,0.5966789126396179
2025-05-26 19:52:01.698,Museum Entrance,Neutral,0.4931096136569977
2025-05-26 19:52:01.923,Museum Entrance,Neutral,0.5649999380111694
2025-05-26 19:52:02.149,Museum Entrance,Neutral,0.5844225287437439
2025-05-26 19:52:02.373,Museum Entrance,Neutral,0.5739152431488037
2025-05-26 19:52:02.599,Museum Entrance,Neutral,0.5358057618141174
2025-05-26 19:52:02.821,Museum Entrance,Neutral,0.8173941373825073
2025-05-26 19:52:03.043,Museum Entrance,Neutral,0.6701227426528931
2025-05-26 19:52:03.268,Museum Entrance,Neutral,0.597437858581543
2025-05-26 19:52:03.513,Museum Entrance,Neutral,0.5598884224891663
2025-05-26 19:52:03.749,Museum Entrance,Neutral,0.5702296495437622
2025-05-26 19:52:03.981,Museum Entrance,Neutral,0.5675723552703857
2025-05-26 19:52:04.208,Museum Entrance,Neutral,0.5393540859222412
2025-05-26 19:52:04.433,Museum Entrance,Neutral,0.5377994775772095
2025-05-26 19:52:04.665,Museum Entrance,Neutral,0.4032216966152191
2025-05-26 19:52:04.894,Museum Entrance,Neutral,0.5094841718673706
2025-05-26 19:52:05.119,Museum Entrance,Neutral,0.45099931955337524
2025-05-26 19:52:05.347,Museum Entrance,Happy,0.45268362760543823
2025-05-26 19:52:05.587,Museum Entrance,Happy,0.7243826389312744
2025-05-26 19:52:05.812,Museum Entrance,Happy,0.6808416843414307
2025-05-26 19:52:06.043,Museum Entrance,Happy,0.6748250126838684
2025-05-26 19:52:06.265,Museum Entrance,Happy,0.6364665627479553
2025-05-26 19:52:06.492,Museum Entrance,Happy,0.681889533996582
2025-05-26 19:52:06.716,Museum Entrance,Neutral,0.7687118053436279
2025-05-26 19:52:06.947,Museum Entrance,Neutral,0.7720421552658081
2025-05-26 19:52:07.171,Museum Entrance,Neutral,0.6858887672424316
2025-05-26 19:52:07.397,Museum Entrance,Neutral,0.6718340516090393
2025-05-26 19:52:07.623,Museum Entrance,Neutral,0.5179696083068848
2025-05-26 19:52:07.849,Museum Entrance,Neutral,0.4817095100879669
2025-05-26 19:52:08.081,Museum Entrance,Neutral,0.560547947883606
2025-05-26 19:52:08.310,Museum Entrance,Neutral,0.6251944303512573
2025-05-26 19:52:08.535,Museum Entrance,Neutral,0.5721734166145325
2025-05-26 19:52:08.761,Museum Entrance,Neutral,0.5556931495666504
2025-05-26 19:52:09.015,Museum Entrance,Neutral,0.5735798478126526
2025-05-26 19:52:09.245,Museum Entrance,Neutral,0.48697730898857117
2025-05-26 19:52:09.464,Museum Entrance,Neutral,0.5529836416244507
2025-05-26 19:52:09.692,Museum Entrance,Neutral,0.5753766298294067
2025-05-26 19:52:09.946,Museum Entrance,Neutral,0.5335909128189087
2025-05-26 19:52:10.177,Museum Entrance,Neutral,0.5079342126846313
2025-05-26 19:52:10.407,Museum Entrance,Neutral,0.4310773015022278
2025-05-26 19:52:10.634,Museum Entrance,Neutral,0.3965900242328644
2025-05-26 19:52:10.859,Museum Entrance,Neutral,0.4639778435230255
2025-05-26 19:52:11.089,Museum Entrance,Neutral,0.3905806541442871
2025-05-26 19:52:11.323,Museum Entrance,Neutral,0.4312799870967865
2025-05-26 19:52:11.551,Museum Entrance,Neutral,0.4371265470981598
2025-05-26 19:52:11.784,Museum Entrance,Neutral,0.46952375769615173
2025-05-26 19:52:12.060,Museum Entrance,Neutral,0.434360533952713
2025-05-26 19:52:12.327,Museum Entrance,Neutral,0.44207656383514404
2025-05-26 19:52:12.581,Museum Entrance,Neutral,0.695342481136322
2025-05-26 19:52:12.815,Museum Entrance,Neutral,0.6558520197868347
2025-05-26 19:52:13.051,Museum Entrance,Neutral,0.6168493032455444
2025-05-26 19:52:13.309,Museum Entrance,Happy,0.44752073287963867
2025-05-26 19:52:16.043,Museum Entrance,Neutral,0.6179463267326355
2025-05-26 19:52:16.274,Museum Entrance,Neutral,0.594687283039093
2025-05-26 19:52:20.160,Museum Entrance,Angry,0.46147358417510986
2025-05-26 19:52:20.391,Museum Entrance,Neutral,0.42865821719169617
2025-05-26 19:52:21.051,Museum Entrance,Angry,0.3001640737056732
2025-05-26 19:52:21.257,Museum Entrance,Angry,0.4962199330329895
2025-05-26 19:52:21.744,Museum Entrance,Angry,0.360103577375412
2025-05-26 19:52:21.962,Museum Entrance,Neutral,0.4253508150577545
2025-05-26 19:52:22.191,Museum Entrance,Neutral,0.541264533996582
2025-05-26 19:52:22.424,Museum Entrance,Neutral,0.6810914278030396
2025-05-26 19:52:22.658,Museum Entrance,Neutral,0.7387987375259399
2025-05-26 19:52:22.885,Museum Entrance,Neutral,0.5451813340187073
2025-05-26 19:52:23.113,Museum Entrance,Neutral,0.5222323536872864
2025-05-26 19:52:23.345,Museum Entrance,Neutral,0.5179646611213684
2025-05-26 19:52:23.574,Museum Entrance,Neutral,0.6113529205322266
2025-05-26 19:52:23.901,Museum Entrance,Neutral,0.8039443492889404
2025-05-26 19:52:24.130,Museum Entrance,Neutral,0.8107057213783264
2025-05-26 19:52:24.368,Museum Entrance,Neutral,0.7843286991119385
2025-05-26 19:52:24.633,Museum Entrance,Neutral,0.7905132174491882
2025-05-26 19:52:25.166,Museum Entrance,Happy,0.5896422266960144
2025-05-26 19:52:25.400,Museum Entrance,Happy,0.715124785900116
2025-05-26 19:52:25.633,Museum Entrance,Happy,0.7678255438804626
2025-05-26 19:52:25.865,Museum Entrance,Happy,0.7979882955551147
2025-05-26 19:52:26.092,Museum Entrance,Happy,0.6046562790870667
2025-05-26 19:52:26.317,Museum Entrance,Happy,0.7369310259819031
2025-05-26 19:52:26.558,Museum Entrance,Neutral,0.6552464962005615
2025-05-26 19:52:27.950,Museum Entrance,Surprise,0.42330020666122437
2025-05-26 19:52:28.175,Museum Entrance,Angry,0.3473412096500397
2025-05-26 19:52:28.395,Museum Entrance,Neutral,0.351771742105484
2025-05-26 19:52:28.616,Museum Entrance,Neutral,0.3324332535266876
2025-05-26 19:52:28.841,Museum Entrance,Neutral,0.4174366295337677
2025-05-26 19:52:29.064,Museum Entrance,Neutral,0.4122103154659271
2025-05-26 19:52:29.641,Museum Entrance,Neutral,0.3137628436088562
2025-05-26 19:52:29.876,Museum Entrance,Neutral,0.36197546124458313
2025-05-26 19:52:30.115,Museum Entrance,Neutral,0.4028566777706146
2025-05-26 19:52:30.332,Museum Entrance,Neutral,0.3110473155975342
2025-05-26 19:52:30.565,Museum Entrance,Neutral,0.4854234755039215
2025-05-26 19:52:30.794,Museum Entrance,Neutral,0.5007290244102478
2025-05-26 19:52:31.027,Museum Entrance,Neutral,0.5412543416023254
2025-05-26 19:52:31.257,Museum Entrance,Neutral,0.5966785550117493
2025-05-26 19:52:31.500,Museum Entrance,Neutral,0.6194025278091431
2025-05-26 19:52:31.751,Museum Entrance,Neutral,0.5028942823410034
2025-05-26 19:52:32.004,Museum Entrance,Neutral,0.49854981899261475
2025-05-26 19:52:32.269,Museum Entrance,Neutral,0.527747392654419
2025-05-26 19:52:32.502,Museum Entrance,Neutral,0.3740786612033844
2025-05-26 19:52:32.740,Museum Entrance,Neutral,0.7414723634719849
2025-05-26 19:52:32.975,Museum Entrance,Neutral,0.5239877104759216
2025-05-26 19:52:33.187,Museum Entrance,Neutral,0.5685761570930481
2025-05-26 19:52:33.398,Museum Entrance,Neutral,0.288675993680954
2025-05-26 19:52:33.618,Museum Entrance,Angry,0.368752121925354
2025-05-26 19:52:33.840,Museum Entrance,Surprise,0.47158315777778625
2025-05-26 19:52:34.102,Museum Entrance,Surprise,0.6193225383758545
2025-05-26 19:52:34.362,Museum Entrance,Surprise,0.5643391013145447
2025-05-26 19:52:34.600,Museum Entrance,Surprise,0.3379875421524048
2025-05-26 19:52:34.826,Museum Entrance,Surprise,0.3495681881904602
2025-05-26 19:52:35.038,Museum Entrance,Surprise,0.3894014060497284
2025-05-26 19:52:35.249,Museum Entrance,Surprise,0.3205953538417816
2025-05-26 19:52:35.456,Museum Entrance,Neutral,0.2736942768096924
2025-05-26 19:52:35.667,Museum Entrance,Neutral,0.5316149592399597
2025-05-26 19:52:35.892,Museum Entrance,Neutral,0.42018377780914307
2025-05-26 19:52:39.318,Museum Entrance,Neutral,0.48736414313316345
2025-05-26 20:02:43.170,Museum Entrance,Neutral,0.36196979880332947
2025-05-26 20:02:44.363,Museum Entrance,Neutral,0.5742525458335876
2025-05-26 20:02:44.595,Museum Entrance,Neutral,0.7291017770767212
2025-05-26 20:02:44.837,Museum Entrance,Neutral,0.758255660533905
2025-05-26 20:02:45.084,Museum Entrance,Neutral,0.5163763165473938
2025-05-26 20:02:45.344,Museum Entrance,Neutral,0.31203141808509827
2025-05-26 20:02:45.592,Museum Entrance,Neutral,0.35915011167526245
2025-05-26 20:02:45.827,Museum Entrance,Neutral,0.3326616585254669
2025-05-26 20:02:46.086,Museum Entrance,Happy,0.35422784090042114
2025-05-26 20:02:46.347,Museum Entrance,Happy,0.3787207305431366
2025-05-26 20:02:46.628,Museum Entrance,Happy,0.41699159145355225
2025-05-26 20:02:46.891,Museum Entrance,Happy,0.33337005972862244
2025-05-26 20:02:47.139,Museum Entrance,Happy,0.4121730625629425
2025-05-26 20:02:47.405,Museum Entrance,Happy,0.34718772768974304
2025-05-26 20:02:48.486,Museum Entrance,Happy,0.39217400550842285
2025-05-26 20:02:48.738,Museum Entrance,Happy,0.37065231800079346
2025-05-26 20:02:48.991,Museum Entrance,Happy,0.3954096734523773
2025-05-26 20:02:49.234,Museum Entrance,Neutral,0.4401080906391144
2025-05-26 20:02:49.476,Museum Entrance,Neutral,0.3610419034957886
2025-05-26 20:02:49.725,Museum Entrance,Happy,0.39822664856910706
2025-05-26 20:02:49.960,Museum Entrance,Neutral,0.3680932819843292
2025-05-26 20:02:50.198,Museum Entrance,Neutral,0.33974987268447876
2025-05-26 20:02:50.448,Museum Entrance,Neutral,0.4370006322860718
2025-05-26 20:02:50.679,Museum Entrance,Neutral,0.4576159715652466
2025-05-26 20:02:50.919,Museum Entrance,Neutral,0.38083726167678833
2025-05-26 20:02:52.803,Museum Entrance,Angry,0.39043790102005005
2025-05-26 20:02:53.033,Museum Entrance,Surprise,0.3465255796909332
2025-05-26 20:02:53.286,Museum Entrance,Neutral,0.2743431031703949
2025-05-26 20:02:56.242,Museum Entrance,Angry,0.34133583307266235
2025-05-26 20:02:56.482,Museum Entrance,Angry,0.2989600896835327
2025-05-26 20:02:56.726,Museum Entrance,Neutral,0.48602595925331116
2025-05-26 20:02:56.970,Museum Entrance,Neutral,0.37713223695755005
2025-05-26 20:02:57.213,Museum Entrance,Neutral,0.4237035810947418
2025-05-26 20:02:57.477,Museum Entrance,Neutral,0.33392661809921265
2025-05-26 20:02:57.725,Museum Entrance,Neutral,0.35627105832099915
2025-05-26 20:02:57.956,Museum Entrance,Neutral,0.3991561532020569
2025-05-26 20:02:58.199,Museum Entrance,Angry,0.26679229736328125
2025-05-26 20:02:58.695,Museum Entrance,Neutral,0.3738028109073639
2025-05-26 20:02:58.955,Museum Entrance,Neutral,0.5598375201225281
2025-05-26 20:02:59.193,Museum Entrance,Neutral,0.805286169052124
2025-05-26 20:02:59.438,Museum Entrance,Neutral,0.7013556957244873
2025-05-26 20:02:59.685,Museum Entrance,Neutral,0.7671797275543213
2025-05-26 20:02:59.920,Museum Entrance,Neutral,0.7502136826515198
2025-05-26 20:03:00.176,Museum Entrance,Neutral,0.724194347858429
2025-05-26 20:03:00.630,Museum Entrance,Neutral,0.27770620584487915
2025-05-26 20:03:00.840,Museum Entrance,Angry,0.2892281115055084
2025-05-26 20:03:01.052,Museum Entrance,Angry,0.27370306849479675
2025-05-26 20:03:01.256,Museum Entrance,Surprise,0.2803817093372345
2025-05-26 20:03:01.473,Museum Entrance,Neutral,0.3374931812286377
2025-05-26 20:03:01.684,Museum Entrance,Surprise,0.2996155619621277
2025-05-26 20:03:01.884,Museum Entrance,Neutral,0.3129434883594513
2025-05-26 20:03:02.099,Museum Entrance,Neutral,0.3831378221511841
2025-05-26 20:03:02.315,Museum Entrance,Surprise,0.4211227297782898
2025-05-26 20:03:02.530,Museum Entrance,Neutral,0.31033089756965637
2025-05-26 20:03:02.745,Museum Entrance,Neutral,0.40799397230148315
2025-05-26 20:03:02.959,Museum Entrance,Neutral,0.34175342321395874
2025-05-26 20:03:03.167,Museum Entrance,Neutral,0.31717413663864136
2025-05-26 20:03:03.393,Museum Entrance,Surprise,0.3662938177585602
2025-05-26 20:03:03.610,Museum Entrance,Surprise,0.33498048782348633
2025-05-26 20:03:03.815,Museum Entrance,Angry,0.3229826092720032
2025-05-26 20:03:09.847,Museum Entrance,Angry,0.3657352328300476
2025-05-26 20:03:10.093,Museum Entrance,Neutral,0.39244508743286133
2025-05-26 20:03:12.491,Museum Entrance,Neutral,0.5391441583633423
2025-05-26 20:03:12.754,Museum Entrance,Neutral,0.6364154815673828
2025-05-26 20:03:12.994,Museum Entrance,Neutral,0.6631056666374207
2025-05-26 20:03:13.241,Museum Entrance,Neutral,0.6883765459060669
2025-05-26 20:03:13.498,Museum Entrance,Neutral,0.7078553438186646
2025-05-26 20:03:13.740,Museum Entrance,Angry,0.4653160572052002
2025-05-26 20:03:13.988,Museum Entrance,Neutral,0.5816441178321838
2025-05-26 20:03:15.226,Museum Entrance,Neutral,0.7807693481445312
2025-05-26 20:03:17.219,Museum Entrance,Neutral,0.599496603012085
2025-05-26 20:03:17.481,Museum Entrance,Neutral,0.8661357760429382
2025-05-26 20:03:17.736,Museum Entrance,Neutral,0.7180107831954956
2025-05-26 20:03:17.973,Museum Entrance,Neutral,0.7480786442756653
2025-05-26 20:03:18.214,Museum Entrance,Neutral,0.7446432113647461
2025-05-26 20:03:18.462,Museum Entrance,Neutral,0.7578734159469604
2025-05-26 20:03:18.718,Museum Entrance,Neutral,0.5576279163360596
2025-05-27 10:28:40.439,Museum Entrance,Fear,0.3527759909629822
2025-05-27 10:28:41.243,Museum Entrance,Fear,0.3279459476470947
2025-05-27 10:29:07.729,Museum Entrance,Angry,0.3201119005680084
2025-05-27 10:29:31.195,Museum Entrance,Angry,0.2794160544872284
2025-05-27 10:29:31.690,Museum Entrance,Happy,0.6416383981704712
2025-05-27 10:29:32.770,Museum Entrance,Happy,0.3278336822986603
2025-05-27 10:29:33.049,Museum Entrance,Happy,0.31051287055015564
2025-05-27 10:29:34.055,Museum Entrance,Happy,0.3573390245437622
2025-05-27 10:29:34.294,Museum Entrance,Happy,0.40223801136016846
2025-05-27 10:29:34.545,Museum Entrance,Happy,0.4947478473186493
2025-05-27 10:29:34.785,Museum Entrance,Happy,0.38763663172721863
2025-05-27 10:29:35.024,Museum Entrance,Sad,0.2585955262184143
2025-05-27 10:29:35.261,Museum Entrance,Sad,0.2677764296531677
2025-05-27 10:29:40.402,Museum Entrance,Happy,0.35273316502571106
2025-05-27 10:29:40.643,Museum Entrance,Sad,0.2842634916305542
2025-05-27 10:29:40.885,Museum Entrance,Sad,0.2437247782945633
2025-05-27 10:29:42.181,Museum Entrance,Happy,0.36344870924949646
2025-05-27 10:29:42.426,Museum Entrance,Sad,0.35642048716545105
2025-05-27 10:29:42.668,Museum Entrance,Happy,0.3638923466205597
2025-05-27 10:29:42.919,Museum Entrance,Happy,0.41364702582359314
2025-05-27 10:29:43.163,Museum Entrance,Happy,0.46172425150871277
2025-05-27 10:29:43.410,Museum Entrance,Sad,0.34545138478279114
2025-05-27 10:29:43.641,Museum Entrance,Sad,0.3264712989330292
2025-05-27 10:29:43.996,Museum Entrance,Sad,0.34384164214134216
2025-05-27 10:29:44.244,Museum Entrance,Sad,0.29824376106262207
2025-05-27 10:29:44.809,Museum Entrance,Happy,0.46327900886535645
2025-05-27 10:29:45.048,Museum Entrance,Sad,0.3112257719039917
2025-05-27 10:29:45.341,Museum Entrance,Happy,0.34126561880111694
2025-05-27 10:29:45.619,Museum Entrance,Happy,0.3073694705963135
2025-05-27 10:29:45.935,Museum Entrance,Sad,0.2549644410610199
2025-05-27 10:29:46.249,Museum Entrance,Sad,0.28719112277030945
2025-05-27 10:29:46.562,Museum Entrance,Sad,0.3244078457355499
2025-05-27 10:29:47.336,Museum Entrance,Neutral,0.277241051197052
2025-05-27 10:29:49.446,Museum Entrance,Sad,0.35060030221939087
2025-05-27 10:29:49.726,Museum Entrance,Sad,0.42290687561035156
2025-05-27 10:29:49.976,Museum Entrance,Sad,0.3211931884288788
2025-05-27 10:29:50.229,Museum Entrance,Sad,0.3818584382534027
2025-05-27 10:29:50.683,Museum Entrance,Sad,0.3113516867160797
2025-05-27 10:29:50.926,Museum Entrance,Sad,0.36737900972366333
2025-05-27 10:29:51.166,Museum Entrance,Sad,0.35400065779685974
2025-05-27 10:29:51.409,Museum Entrance,Sad,0.3543202579021454
2025-05-27 10:29:51.663,Museum Entrance,Sad,0.3416424095630646
2025-05-27 10:29:52.843,Museum Entrance,Sad,0.3740764260292053
2025-05-27 10:29:53.084,Museum Entrance,Sad,0.4181562662124634
2025-05-27 10:29:53.532,Museum Entrance,Sad,0.28144365549087524
2025-05-27 10:29:53.769,Museum Entrance,Sad,0.3963899612426758
2025-05-27 10:29:54.005,Museum Entrance,Sad,0.27477702498435974
2025-05-27 10:29:54.245,Museum Entrance,Sad,0.3327544033527374
2025-05-27 10:29:54.499,Museum Entrance,Sad,0.38559550046920776
2025-05-27 10:29:54.766,Museum Entrance,Sad,0.2988540232181549
2025-05-27 10:29:55.026,Museum Entrance,Sad,0.36407941579818726
2025-05-27 10:29:55.267,Museum Entrance,Sad,0.34457364678382874
2025-05-27 10:29:55.508,Museum Entrance,Sad,0.35568735003471375
2025-05-27 10:29:55.764,Museum Entrance,Sad,0.3364109694957733
2025-05-27 10:29:56.002,Museum Entrance,Sad,0.4076777398586273
2025-05-27 10:29:56.242,Museum Entrance,Sad,0.3569774031639099
2025-05-27 10:29:56.492,Museum Entrance,Happy,0.42607244849205017
2025-05-27 10:29:56.733,Museum Entrance,Sad,0.2833843231201172
2025-05-27 10:29:57.003,Museum Entrance,Happy,0.27742958068847656
2025-05-27 10:30:00.342,Museum Entrance,Sad,0.37458333373069763
2025-05-27 10:30:00.901,Museum Entrance,Sad,0.26632413268089294
2025-05-27 10:30:03.059,Museum Entrance,Sad,0.2681361436843872
2025-05-27 10:30:03.328,Museum Entrance,Happy,0.30096951127052307
2025-05-27 10:30:03.569,Museum Entrance,Sad,0.3060200810432434
2025-05-27 10:30:03.917,Museum Entrance,Sad,0.2980455756187439
2025-05-27 10:30:04.165,Museum Entrance,Sad,0.35710409283638
2025-05-27 10:30:04.413,Museum Entrance,Sad,0.35840651392936707
2025-05-27 10:30:04.651,Museum Entrance,Happy,0.36898067593574524
2025-05-27 10:30:04.892,Museum Entrance,Happy,0.30706489086151123
2025-05-27 10:30:05.128,Museum Entrance,Sad,0.2970888912677765
2025-05-27 10:30:05.378,Museum Entrance,Happy,0.34486228227615356
2025-05-27 10:30:05.617,Museum Entrance,Sad,0.3209075331687927
2025-05-27 10:30:05.863,Museum Entrance,Sad,0.4022822380065918
2025-05-27 10:30:06.112,Museum Entrance,Sad,0.3612426817417145
2025-05-27 10:30:06.338,Museum Entrance,Sad,0.3447476029396057
2025-05-27 10:30:06.592,Museum Entrance,Sad,0.3770381808280945
2025-05-27 10:30:06.925,Museum Entrance,Sad,0.2968662977218628
2025-05-27 10:30:07.167,Museum Entrance,Sad,0.3339160978794098
2025-05-27 10:30:07.515,Museum Entrance,Happy,0.36130204796791077
2025-05-27 10:30:07.858,Museum Entrance,Happy,0.42385509610176086
2025-05-27 10:30:08.098,Museum Entrance,Sad,0.33047544956207275
2025-05-27 10:30:11.951,Museum Entrance,Sad,0.33532583713531494
2025-05-27 10:30:12.294,Museum Entrance,Sad,0.42929592728614807
2025-05-27 10:30:12.533,Museum Entrance,Sad,0.24579249322414398
2025-05-27 10:30:12.773,Museum Entrance,Happy,0.28589311242103577
2025-05-27 10:30:13.031,Museum Entrance,Sad,0.22854681313037872
2025-05-27 10:30:13.267,Museum Entrance,Fear,0.22090701758861542
2025-05-27 10:30:13.663,Museum Entrance,Happy,0.2880348861217499
2025-05-27 10:30:13.944,Museum Entrance,Happy,0.3084401786327362
2025-05-27 10:30:14.188,Museum Entrance,Sad,0.23514221608638763
2025-05-27 10:30:14.434,Museum Entrance,Sad,0.27537834644317627
2025-05-27 10:30:14.673,Museum Entrance,Fear,0.23567631840705872
2025-05-27 10:30:14.916,Museum Entrance,Sad,0.23600545525550842
2025-05-27 10:30:15.164,Museum Entrance,Sad,0.2920514643192291
2025-05-27 10:30:15.401,Museum Entrance,Sad,0.2801899015903473
2025-05-27 10:30:15.642,Museum Entrance,Sad,0.23953178524971008
2025-05-27 10:30:15.891,Museum Entrance,Neutral,0.21249157190322876
2025-05-27 10:30:16.133,Museum Entrance,Sad,0.2603888511657715
2025-05-27 10:30:16.378,Museum Entrance,Sad,0.27300480008125305
2025-05-27 10:30:16.623,Museum Entrance,Sad,0.22266347706317902
2025-05-27 10:30:16.883,Museum Entrance,Happy,0.2745753228664398
2025-05-27 10:30:17.134,Museum Entrance,Angry,0.21834997832775116
2025-05-27 10:30:17.375,Museum Entrance,Fear,0.21534620225429535
2025-05-27 10:30:17.614,Museum Entrance,Sad,0.23762662708759308
2025-05-27 10:30:17.900,Museum Entrance,Sad,0.2294911891222
2025-05-27 10:30:18.154,Museum Entrance,Happy,0.33883416652679443
2025-05-27 10:30:18.427,Museum Entrance,Sad,0.31600987911224365
2025-05-27 10:30:18.705,Museum Entrance,Sad,0.24387362599372864
2025-05-27 10:30:18.984,Museum Entrance,Sad,0.23214469850063324
2025-05-27 10:30:19.223,Museum Entrance,Happy,0.2723076343536377
2025-05-27 10:30:19.464,Museum Entrance,Happy,0.28131410479545593
2025-05-27 10:30:19.707,Museum Entrance,Happy,0.24109435081481934
2025-05-27 10:30:19.951,Museum Entrance,Happy,0.453653484582901
2025-05-27 10:30:20.187,Museum Entrance,Sad,0.29162511229515076
2025-05-27 10:30:20.464,Museum Entrance,Sad,0.26437535881996155
2025-05-27 10:30:20.713,Museum Entrance,Happy,0.4052894115447998
2025-05-27 10:30:21.359,Museum Entrance,Happy,0.32682931423187256
2025-05-27 10:30:22.635,Museum Entrance,Sad,0.2727642357349396
2025-05-27 10:30:22.974,Museum Entrance,Happy,0.35716143250465393
2025-05-27 10:30:23.220,Museum Entrance,Sad,0.2708844840526581
2025-05-27 10:30:23.575,Museum Entrance,Happy,0.25871530175209045
2025-05-27 10:30:23.810,Museum Entrance,Happy,0.38707539439201355
2025-05-27 10:30:24.050,Museum Entrance,Sad,0.27432554960250854
2025-05-27 10:30:24.807,Museum Entrance,Sad,0.30466675758361816
2025-05-27 10:30:25.044,Museum Entrance,Happy,0.3382515609264374
2025-05-27 10:30:25.271,Museum Entrance,Happy,0.35850125551223755
2025-05-27 10:30:25.511,Museum Entrance,Sad,0.27665960788726807
2025-05-27 10:30:25.747,Museum Entrance,Sad,0.25887009501457214
2025-05-27 10:30:25.984,Museum Entrance,Happy,0.42801544070243835
2025-05-27 10:30:26.233,Museum Entrance,Happy,0.3698457181453705
2025-05-27 10:30:26.467,Museum Entrance,Happy,0.22324460744857788
2025-05-27 10:30:26.697,Museum Entrance,Neutral,0.21117645502090454
2025-05-27 10:30:26.944,Museum Entrance,Neutral,0.26213470101356506
2025-05-27 10:30:27.189,Museum Entrance,Neutral,0.33179622888565063
2025-05-27 10:30:27.424,Museum Entrance,Sad,0.230165034532547
2025-05-27 10:30:27.667,Museum Entrance,Sad,0.24880748987197876
2025-05-27 10:30:27.907,Museum Entrance,Angry,0.2178954929113388
2025-05-27 10:30:28.150,Museum Entrance,Angry,0.2308628112077713
2025-05-27 10:30:29.104,Museum Entrance,Angry,0.26184195280075073
2025-05-27 10:30:30.146,Museum Entrance,Disgust,0.3192742168903351
2025-05-27 10:30:33.824,Museum Entrance,Neutral,0.2611232101917267
2025-05-27 10:30:35.687,Museum Entrance,Neutral,0.32393383979797363
2025-05-27 10:30:35.953,Museum Entrance,Happy,0.4958953857421875
2025-05-27 10:30:36.212,Museum Entrance,Happy,0.37471044063568115
2025-05-27 10:30:36.483,Museum Entrance,Neutral,0.2768014967441559
2025-05-27 10:30:36.753,Museum Entrance,Sad,0.24219785630702972
2025-05-27 10:30:37.020,Museum Entrance,Happy,0.20500943064689636
2025-05-27 10:30:37.287,Museum Entrance,Happy,0.30037903785705566
2025-05-27 10:30:37.549,Museum Entrance,Happy,0.5330694913864136
2025-05-27 10:30:37.807,Museum Entrance,Happy,0.6342905759811401
2025-05-27 10:30:38.063,Museum Entrance,Happy,0.6829106211662292
2025-05-27 10:30:38.329,Museum Entrance,Happy,0.577289342880249
2025-05-27 10:30:38.576,Museum Entrance,Happy,0.3731340765953064
2025-05-27 10:30:40.171,Museum Entrance,Happy,0.24074134230613708
2025-05-27 10:30:40.433,Museum Entrance,Neutral,0.20995694398880005
2025-05-27 10:30:40.696,Museum Entrance,Happy,0.3618970215320587
2025-05-27 10:30:40.963,Museum Entrance,Neutral,0.344136118888855
2025-05-27 10:30:41.210,Museum Entrance,Neutral,0.3116413354873657
2025-05-27 10:30:41.473,Museum Entrance,Neutral,0.3191521167755127
2025-05-27 10:30:41.723,Museum Entrance,Neutral,0.2716637849807739
2025-05-27 10:30:41.983,Museum Entrance,Neutral,0.36007294058799744
2025-05-27 10:30:42.250,Museum Entrance,Neutral,0.38300439715385437
2025-05-27 10:30:42.515,Museum Entrance,Neutral,0.30572089552879333
2025-05-27 10:30:42.780,Museum Entrance,Happy,0.31541332602500916
2025-05-27 10:30:43.090,Museum Entrance,Happy,0.6048633456230164
2025-05-27 10:30:43.353,Museum Entrance,Sad,0.30322787165641785
2025-05-27 10:30:43.601,Museum Entrance,Neutral,0.42319005727767944
2025-05-27 10:30:43.883,Museum Entrance,Sad,0.3710155189037323
2025-05-27 10:30:44.130,Museum Entrance,Fear,0.40653035044670105
2025-05-27 10:30:44.382,Museum Entrance,Sad,0.32224324345588684
2025-05-27 10:30:45.331,Museum Entrance,Neutral,0.3604329526424408
2025-05-27 10:30:45.583,Museum Entrance,Neutral,0.2277805209159851
2025-05-27 10:30:45.858,Museum Entrance,Happy,0.23817020654678345
2025-05-27 10:30:47.272,Museum Entrance,Sad,0.20270855724811554
2025-05-27 10:30:47.525,Museum Entrance,Angry,0.26482272148132324
2025-05-27 10:30:47.785,Museum Entrance,Neutral,0.3632439970970154
2025-05-27 10:30:48.040,Museum Entrance,Happy,0.2594916820526123
2025-05-27 10:30:48.290,Museum Entrance,Neutral,0.5892824530601501
2025-05-27 10:31:03.979,Museum Entrance,Angry,0.2692909240722656
2025-05-27 10:31:04.229,Museum Entrance,Fear,0.2583502531051636
2025-05-27 10:31:04.489,Museum Entrance,Sad,0.20676001906394958
2025-05-27 10:31:08.132,Museum Entrance,Neutral,0.25830045342445374
2025-05-27 10:31:08.384,Museum Entrance,Neutral,0.31378698348999023
2025-05-27 10:31:08.639,Museum Entrance,Neutral,0.30393341183662415
2025-05-27 10:31:08.906,Museum Entrance,Angry,0.2371550351381302
2025-05-27 10:31:09.156,Museum Entrance,Angry,0.3246471881866455
2025-05-27 10:31:09.406,Museum Entrance,Neutral,0.26958581805229187
2025-05-27 10:31:09.772,Museum Entrance,Neutral,0.29053494334220886
2025-05-27 10:31:10.802,Museum Entrance,Angry,0.2288038283586502
2025-05-27 10:31:11.177,Museum Entrance,Neutral,0.2311023622751236
2025-05-27 10:31:11.521,Museum Entrance,Sad,0.22693130373954773
2025-05-27 10:31:11.771,Museum Entrance,Angry,0.2924959063529968
2025-05-27 10:31:12.021,Museum Entrance,Happy,0.24380241334438324
2025-05-27 10:31:12.271,Museum Entrance,Angry,0.3319978713989258
2025-05-27 10:31:12.528,Museum Entrance,Angry,0.35367923974990845
2025-05-27 10:31:12.778,Museum Entrance,Angry,0.2578926980495453
2025-05-27 10:31:13.028,Museum Entrance,Fear,0.24700677394866943
2025-05-27 10:31:13.268,Museum Entrance,Happy,0.25222986936569214
2025-05-27 10:31:13.529,Museum Entrance,Angry,0.27494364976882935
2025-05-27 10:31:13.779,Museum Entrance,Angry,0.3359581232070923
2025-05-27 10:31:14.025,Museum Entrance,Angry,0.28271719813346863
2025-05-27 10:31:14.269,Museum Entrance,Angry,0.4075583815574646
2025-05-27 10:31:14.524,Museum Entrance,Angry,0.34142622351646423
2025-05-27 10:31:14.861,Museum Entrance,Angry,0.28188228607177734
2025-05-27 10:31:18.681,Museum Entrance,Fear,0.2747775912284851
2025-05-27 10:31:18.931,Museum Entrance,Neutral,0.389422744512558
2025-05-27 10:31:19.168,Museum Entrance,Angry,0.25121867656707764
2025-05-27 10:31:19.413,Museum Entrance,Neutral,0.25343239307403564
2025-05-27 10:31:19.654,Museum Entrance,Angry,0.21678145229816437
2025-05-27 10:31:19.913,Museum Entrance,Angry,0.27975788712501526
2025-05-27 10:31:20.154,Museum Entrance,Angry,0.27797746658325195
2025-05-27 10:31:20.397,Museum Entrance,Angry,0.25266769528388977
2025-05-27 10:31:20.633,Museum Entrance,Angry,0.27379053831100464
2025-05-27 10:31:20.888,Museum Entrance,Angry,0.2480800896883011
2025-05-27 10:31:21.140,Museum Entrance,Angry,0.2234792709350586
2025-05-27 10:31:21.382,Museum Entrance,Neutral,0.2312561571598053
2025-05-27 10:31:21.614,Museum Entrance,Angry,0.2552907168865204
2025-05-27 10:31:21.897,Museum Entrance,Angry,0.23073706030845642
2025-05-27 10:31:22.140,Museum Entrance,Angry,0.2731918394565582
2025-05-27 10:31:22.381,Museum Entrance,Angry,0.19560720026493073
2025-05-27 10:31:22.628,Museum Entrance,Angry,0.3043246567249298
2025-05-27 10:31:22.858,Museum Entrance,Angry,0.25833266973495483
2025-05-27 10:31:23.108,Museum Entrance,Angry,0.2975215017795563
2025-05-27 10:31:23.344,Museum Entrance,Angry,0.26924651861190796
2025-05-27 10:31:23.588,Museum Entrance,Angry,0.3167319893836975
2025-05-27 10:31:23.855,Museum Entrance,Happy,0.31197068095207214
2025-05-27 10:31:24.203,Museum Entrance,Angry,0.5324170589447021
2025-05-27 10:31:24.443,Museum Entrance,Happy,0.29863306879997253
2025-05-27 10:31:24.710,Museum Entrance,Happy,0.28084704279899597
2025-05-27 10:31:24.973,Museum Entrance,Angry,0.37715068459510803
2025-05-27 10:31:25.220,Museum Entrance,Angry,0.42489364743232727
2025-05-27 10:31:25.461,Museum Entrance,Angry,0.46008750796318054
2025-05-27 10:31:25.707,Museum Entrance,Angry,0.35198888182640076
2025-05-27 10:31:25.948,Museum Entrance,Angry,0.3593396544456482
2025-05-27 10:31:26.202,Museum Entrance,Angry,0.3960106372833252
2025-05-27 10:31:26.441,Museum Entrance,Angry,0.416034072637558
2025-05-27 10:31:26.681,Museum Entrance,Angry,0.3334868252277374
2025-05-27 10:31:26.930,Museum Entrance,Angry,0.4135113060474396
2025-05-27 10:31:27.180,Museum Entrance,Angry,0.4180724024772644
2025-05-27 10:31:27.430,Museum Entrance,Angry,0.3688349723815918
2025-05-27 10:31:27.678,Museum Entrance,Angry,0.3554842472076416
2025-05-27 10:31:27.913,Museum Entrance,Angry,0.30588799715042114
2025-05-27 10:31:28.163,Museum Entrance,Angry,0.353217750787735
2025-05-27 10:31:28.405,Museum Entrance,Angry,0.34512633085250854
2025-05-27 10:31:28.643,Museum Entrance,Angry,0.3698655664920807
2025-05-27 10:31:29.011,Museum Entrance,Angry,0.34614071249961853
2025-05-27 10:31:32.278,Museum Entrance,Angry,0.4620092213153839
2025-05-27 10:31:32.514,Museum Entrance,Angry,0.44851070642471313
2025-05-27 10:31:32.778,Museum Entrance,Sad,0.26988428831100464
2025-05-27 10:31:33.064,Museum Entrance,Neutral,0.32636815309524536
2025-05-27 10:31:33.324,Museum Entrance,Neutral,0.5941014289855957
2025-05-27 10:31:39.729,Museum Entrance,Neutral,0.4536105990409851
2025-05-27 10:31:39.980,Museum Entrance,Neutral,0.6119745373725891
2025-05-27 10:31:40.228,Museum Entrance,Neutral,0.7100165486335754
2025-05-27 10:31:40.484,Museum Entrance,Neutral,0.6027203798294067
2025-05-27 10:31:40.767,Museum Entrance,Neutral,0.6229432225227356
2025-05-27 10:31:41.037,Museum Entrance,Neutral,0.6598619818687439
2025-05-27 10:31:41.282,Museum Entrance,Neutral,0.580389678478241
2025-05-27 10:31:41.544,Museum Entrance,Neutral,0.507647693157196
2025-05-27 10:31:41.804,Museum Entrance,Neutral,0.5217406749725342
2025-05-27 10:31:44.060,Museum Entrance,Happy,0.47191673517227173
2025-05-27 10:31:49.249,Museum Entrance,Angry,0.2644272446632385
2025-05-27 10:31:51.345,Museum Entrance,Neutral,0.5503460168838501
2025-05-27 10:31:54.904,Museum Entrance,Neutral,0.5890448689460754
2025-05-27 10:31:55.214,Museum Entrance,Neutral,0.6517170071601868
2025-05-27 10:31:55.528,Museum Entrance,Neutral,0.6847772002220154
2025-05-27 10:31:55.897,Museum Entrance,Neutral,0.5645647048950195
2025-05-27 10:31:56.212,Museum Entrance,Neutral,0.41610950231552124
2025-05-27 10:31:56.537,Museum Entrance,Neutral,0.5243295431137085
2025-05-27 10:31:56.862,Museum Entrance,Neutral,0.6491354703903198
2025-05-27 10:31:57.164,Museum Entrance,Neutral,0.5521150231361389
2025-05-27 10:31:57.513,Museum Entrance,Neutral,0.41924652457237244
2025-05-27 10:31:57.848,Museum Entrance,Neutral,0.43991780281066895
2025-05-27 10:31:58.145,Museum Entrance,Neutral,0.4869162142276764
2025-05-27 10:31:58.453,Museum Entrance,Neutral,0.5781410932540894
2025-05-27 10:31:58.781,Museum Entrance,Neutral,0.49909427762031555
2025-05-27 10:31:59.119,Museum Entrance,Neutral,0.42746973037719727
2025-05-27 10:31:59.787,Museum Entrance,Happy,0.40371787548065186
2025-05-27 10:32:00.042,Museum Entrance,Neutral,0.41233113408088684
2025-05-27 10:32:00.301,Museum Entrance,Neutral,0.3970029950141907
2025-05-27 10:32:01.051,Museum Entrance,Happy,0.5042809844017029
2025-05-27 10:32:01.445,Museum Entrance,Happy,0.45673367381095886
2025-05-27 10:32:01.832,Museum Entrance,Neutral,0.45580214262008667
2025-05-27 10:32:02.104,Museum Entrance,Neutral,0.3654078543186188
2025-05-27 10:32:02.366,Museum Entrance,Neutral,0.38921284675598145
2025-05-27 10:32:02.626,Museum Entrance,Neutral,0.46931150555610657
2025-05-27 10:32:02.889,Museum Entrance,Neutral,0.46985936164855957
2025-05-27 10:32:03.148,Museum Entrance,Neutral,0.4862004518508911
2025-05-27 10:32:03.408,Museum Entrance,Neutral,0.45213085412979126
2025-05-27 10:32:03.669,Museum Entrance,Neutral,0.4171074330806732
2025-05-27 10:32:03.929,Museum Entrance,Happy,0.4319259226322174
2025-05-27 10:32:04.189,Museum Entrance,Happy,0.365582138299942
2025-05-27 10:32:05.731,Museum Entrance,Sad,0.2883230745792389
2025-05-27 10:32:09.872,Museum Entrance,Sad,0.2469855695962906
2025-05-27 10:32:11.611,Museum Entrance,Neutral,0.25545811653137207
2025-05-27 10:32:11.879,Museum Entrance,Disgust,0.30570167303085327
2025-05-27 10:32:12.139,Museum Entrance,Disgust,0.2849074900150299
2025-05-27 10:32:12.403,Museum Entrance,Fear,0.22504755854606628
2025-05-27 10:32:14.017,Museum Entrance,Neutral,0.3412318527698517
2025-05-27 10:32:18.686,Museum Entrance,Angry,0.32159319519996643
2025-05-27 10:32:20.316,Museum Entrance,Angry,0.27744561433792114
2025-05-27 10:32:21.405,Museum Entrance,Fear,0.26496613025665283
2025-05-27 10:32:22.195,Museum Entrance,Neutral,0.4988601505756378
2025-05-27 10:32:24.221,Museum Entrance,Angry,0.3385394513607025
2025-05-27 10:32:27.053,Museum Entrance,Happy,0.3917384445667267
2025-05-27 10:32:27.329,Museum Entrance,Neutral,0.3974601626396179
2025-05-27 10:32:27.602,Museum Entrance,Neutral,0.3136817514896393
2025-05-27 10:32:28.202,Museum Entrance,Neutral,0.45137977600097656
2025-05-27 10:32:28.202,Museum Entrance,Neutral,0.3835969865322113
2025-05-27 10:32:28.511,Museum Entrance,Neutral,0.397512823343277
2025-05-27 10:32:28.511,Museum Entrance,Neutral,0.5373783111572266
2025-05-27 10:32:28.840,Museum Entrance,Neutral,0.46402281522750854
2025-05-27 10:32:28.840,Museum Entrance,Neutral,0.5438397526741028
2025-05-27 10:32:29.140,Museum Entrance,Neutral,0.6520538330078125
2025-05-27 10:32:29.140,Museum Entrance,Happy,0.9770499467849731
2025-05-27 10:32:29.493,Museum Entrance,Neutral,0.5221425294876099
2025-05-27 10:32:29.493,Museum Entrance,Happy,0.9729750752449036
2025-05-27 10:32:29.830,Museum Entrance,Neutral,0.5435341000556946
2025-05-27 10:32:29.830,Museum Entrance,Happy,0.9816420078277588
2025-05-27 10:32:30.181,Museum Entrance,Sad,0.332916259765625
2025-05-27 10:32:30.181,Museum Entrance,Happy,0.9746272563934326
2025-05-27 10:32:30.491,Museum Entrance,Sad,0.3364250659942627
2025-05-27 10:32:30.491,Museum Entrance,Happy,0.9773872494697571
2025-05-27 10:32:30.760,Museum Entrance,Happy,0.7548050284385681
2025-05-27 10:32:30.760,Museum Entrance,Sad,0.4817502796649933
2025-05-27 10:32:33.889,Museum Entrance,Sad,0.6127371191978455
2025-05-27 10:32:34.097,Museum Entrance,Sad,0.5906326770782471
2025-05-27 10:32:40.051,Museum Entrance,Fear,0.245187908411026
2025-05-27 10:32:40.051,Museum Entrance,Sad,0.3552955389022827
2025-05-27 10:32:40.447,Museum Entrance,Happy,0.8921442031860352
2025-05-27 10:32:40.825,Museum Entrance,Neutral,0.4872092008590698
2025-05-27 10:32:41.086,Museum Entrance,Neutral,0.5782806277275085
2025-05-27 10:32:41.361,Museum Entrance,Neutral,0.41688820719718933
2025-05-27 10:32:41.625,Museum Entrance,Neutral,0.3566410541534424
2025-05-27 10:32:41.901,Museum Entrance,Neutral,0.4322696328163147
2025-05-27 10:32:42.156,Museum Entrance,Neutral,0.43205419182777405
2025-05-27 10:32:42.417,Museum Entrance,Sad,0.3272254765033722
2025-05-27 10:32:42.417,Museum Entrance,Happy,0.4641570448875427
2025-05-27 10:32:42.687,Museum Entrance,Neutral,0.46186402440071106
2025-05-27 10:32:44.739,Museum Entrance,Angry,0.23978479206562042
2025-05-27 10:32:46.877,Museum Entrance,Neutral,0.26544544100761414
2025-05-27 10:32:47.404,Museum Entrance,Fear,0.2734901010990143
2025-05-27 10:32:47.875,Museum Entrance,Angry,0.40750956535339355
2025-05-27 10:32:48.988,Museum Entrance,Angry,0.47259071469306946
2025-05-27 10:32:49.422,Museum Entrance,Angry,0.33025553822517395
2025-05-27 10:32:49.661,Museum Entrance,Disgust,0.33556339144706726
2025-05-27 10:32:51.634,Museum Entrance,Angry,0.2893727719783783
2025-05-27 10:32:52.019,Museum Entrance,Happy,0.7046963572502136
2025-05-27 10:32:52.339,Museum Entrance,Happy,0.8220769762992859
2025-05-27 10:32:52.639,Museum Entrance,Happy,0.858389139175415
2025-05-27 10:32:52.906,Museum Entrance,Happy,0.7965812683105469
2025-05-27 10:32:53.210,Museum Entrance,Happy,0.7717920541763306
2025-05-27 10:32:53.493,Museum Entrance,Happy,0.5190098285675049
2025-05-27 10:32:53.768,Museum Entrance,Happy,0.47248414158821106
2025-05-28 17:08:11.866,Museum Entrance,Neutral,0.5688844323158264
2025-05-28 17:08:12.224,Museum Entrance,Disgust,0.6658967733383179
2025-05-28 17:08:12.507,Museum Entrance,Disgust,0.6747727394104004
2025-05-28 17:08:13.037,Museum Entrance,Disgust,0.91056889295578
2025-05-28 17:08:13.372,Museum Entrance,Happy,0.8958855271339417
2025-05-28 17:08:13.661,Museum Entrance,Happy,0.8077362179756165
2025-05-28 17:08:15.998,Museum Entrance,Happy,0.8063074946403503
2025-05-28 17:08:16.512,Museum Entrance,Happy,0.973427414894104
2025-05-28 17:08:16.758,Museum Entrance,Happy,0.9868628978729248
2025-05-28 17:08:17.018,Museum Entrance,Happy,0.9938861727714539
2025-05-28 17:08:17.264,Museum Entrance,Happy,0.9958018660545349
2025-05-28 17:08:17.520,Museum Entrance,Happy,0.9957148432731628
2025-05-28 17:08:17.765,Museum Entrance,Happy,0.9975259900093079
2025-05-28 17:08:18.016,Museum Entrance,Happy,0.9924771189689636
2025-05-28 17:08:18.281,Museum Entrance,Happy,0.9938435554504395
2025-05-28 17:08:18.548,Museum Entrance,Happy,0.9956144094467163
2025-05-28 17:08:18.818,Museum Entrance,Happy,0.9973477125167847
2025-05-28 17:08:19.078,Museum Entrance,Happy,0.9938905239105225
2025-05-28 17:08:19.437,Museum Entrance,Happy,0.996404767036438
2025-05-28 17:08:19.747,Museum Entrance,Happy,0.9959118366241455
2025-05-28 17:08:20.012,Museum Entrance,Happy,0.81465083360672
2025-05-28 17:08:20.291,Museum Entrance,Happy,0.41502729058265686
2025-05-28 17:08:20.586,Museum Entrance,Happy,0.3858397901058197
2025-05-28 17:08:20.861,Museum Entrance,Neutral,0.35088062286376953
2025-05-28 17:08:21.155,Museum Entrance,Sad,0.3892887234687805
2025-05-28 17:08:21.440,Museum Entrance,Sad,0.3676541745662689
2025-05-28 17:08:21.730,Museum Entrance,Neutral,0.34896039962768555
2025-05-28 17:08:22.006,Museum Entrance,Neutral,0.3089028000831604
2025-05-28 17:08:22.276,Museum Entrance,Sad,0.296671062707901
2025-05-28 17:08:22.571,Museum Entrance,Sad,0.29087522625923157
2025-05-28 17:08:22.852,Museum Entrance,Neutral,0.4188464879989624
2025-05-28 17:08:23.117,Museum Entrance,Neutral,0.44219765067100525
2025-05-28 17:08:23.397,Museum Entrance,Neutral,0.4265323877334595
2025-05-28 17:08:23.677,Museum Entrance,Neutral,0.3664375841617584
2025-05-28 17:08:23.942,Museum Entrance,Neutral,0.43441447615623474
2025-05-28 17:08:24.210,Museum Entrance,Neutral,0.3556760847568512
2025-05-28 17:08:24.490,Museum Entrance,Neutral,0.3721115291118622
2025-05-28 17:08:24.760,Museum Entrance,Neutral,0.400180846452713
2025-05-28 17:08:25.040,Museum Entrance,Neutral,0.4764172434806824
2025-05-28 17:08:25.320,Museum Entrance,Neutral,0.3464123010635376
2025-05-28 17:08:25.618,Museum Entrance,Neutral,0.4263463318347931
2025-05-28 17:08:25.889,Museum Entrance,Happy,0.3933020234107971
2025-05-28 17:08:26.169,Museum Entrance,Neutral,0.5018143057823181
2025-05-28 17:08:26.447,Museum Entrance,Neutral,0.4227687418460846
2025-05-28 17:08:26.713,Museum Entrance,Happy,0.7835855484008789
2025-05-28 17:08:27.031,Museum Entrance,Sad,0.2751167416572571
2025-05-28 17:08:27.376,Museum Entrance,Disgust,0.2432076632976532
2025-05-28 17:08:27.636,Museum Entrance,Happy,0.9739862084388733
2025-05-28 17:08:27.936,Museum Entrance,Happy,0.9966302514076233
2025-05-28 17:08:28.242,Museum Entrance,Happy,0.9916276931762695
2025-05-28 17:08:28.558,Museum Entrance,Happy,0.9834524989128113
2025-05-28 17:08:28.815,Museum Entrance,Happy,0.9968419075012207
2025-05-28 17:08:29.065,Museum Entrance,Happy,0.9963186979293823
2025-05-28 17:08:29.335,Museum Entrance,Happy,0.9983612895011902
2025-05-28 17:08:29.570,Museum Entrance,Happy,0.5594276785850525
2025-05-28 17:08:29.860,Museum Entrance,Happy,0.9969419836997986
2025-05-28 17:08:30.180,Museum Entrance,Happy,0.9301637411117554
2025-05-28 17:08:30.467,Museum Entrance,Happy,0.9767343997955322
2025-05-28 17:08:31.092,Museum Entrance,Sad,0.6512348055839539
2025-05-28 17:08:31.370,Museum Entrance,Sad,0.5665247440338135
2025-05-28 17:08:34.923,Museum Entrance,Sad,0.49432802200317383
2025-05-28 17:08:35.223,Museum Entrance,Neutral,0.7104535698890686
2025-05-28 17:08:35.488,Museum Entrance,Neutral,0.831699788570404
2025-05-28 17:08:35.746,Museum Entrance,Neutral,0.8075451850891113
2025-05-28 17:08:36.026,Museum Entrance,Neutral,0.7723140716552734
2025-05-28 17:08:36.291,Museum Entrance,Neutral,0.8541023135185242
2025-05-28 17:08:36.569,Museum Entrance,Neutral,0.692732572555542
2025-05-28 17:08:36.836,Museum Entrance,Neutral,0.5726367831230164
2025-05-28 17:08:37.101,Museum Entrance,Neutral,0.5136166214942932
2025-05-28 17:08:37.366,Museum Entrance,Sad,0.5163084268569946
2025-05-28 17:08:37.640,Museum Entrance,Happy,0.5365080237388611
2025-05-28 17:08:37.909,Museum Entrance,Happy,0.8393492102622986
2025-05-28 17:08:38.189,Museum Entrance,Happy,0.7763925790786743
2025-05-28 17:08:38.470,Museum Entrance,Happy,0.8251287341117859
2025-05-28 17:08:38.739,Museum Entrance,Happy,0.8612531423568726
2025-05-28 17:08:39.019,Museum Entrance,Happy,0.7543501853942871
2025-05-28 17:08:39.299,Museum Entrance,Happy,0.8684045076370239
2025-05-28 17:08:39.579,Museum Entrance,Happy,0.8274620771408081
2025-05-28 17:08:39.857,Museum Entrance,Happy,0.8373328447341919
2025-05-28 17:08:40.148,Museum Entrance,Happy,0.9228878021240234
2025-05-28 17:08:40.449,Museum Entrance,Happy,0.8919382691383362
2025-05-28 17:08:40.748,Museum Entrance,Happy,0.9457919597625732
2025-05-28 17:08:41.037,Museum Entrance,Happy,0.9733232855796814
2025-05-28 17:08:41.333,Museum Entrance,Happy,0.9725392460823059
2025-05-28 17:08:41.602,Museum Entrance,Happy,0.9869815707206726
2025-05-28 17:08:41.880,Museum Entrance,Happy,0.9772680401802063
2025-05-28 17:08:42.185,Museum Entrance,Happy,0.4619646370410919
2025-05-28 17:08:42.750,Museum Entrance,Neutral,0.547804057598114
2025-05-28 17:08:42.750,Museum Entrance,Happy,0.9108076095581055
2025-05-28 17:08:43.040,Museum Entrance,Surprise,0.8753988146781921
2025-05-28 17:08:43.040,Museum Entrance,Happy,0.9926619529724121
2025-05-28 17:08:43.328,Museum Entrance,Surprise,0.8469890356063843
2025-05-28 17:08:44.169,Museum Entrance,Happy,0.9787260293960571
2025-05-28 17:08:44.456,Museum Entrance,Angry,0.38395148515701294
2025-05-28 17:08:44.734,Museum Entrance,Angry,0.42103311419487
2025-05-28 17:08:45.014,Museum Entrance,Angry,0.4817172586917877
2025-05-28 17:08:45.284,Museum Entrance,Angry,0.5778917074203491
2025-05-28 17:08:45.564,Museum Entrance,Angry,0.28918492794036865
2025-05-28 17:08:45.834,Museum Entrance,Happy,0.9738916754722595
2025-05-28 17:08:47.779,Museum Entrance,Neutral,0.3267463743686676
2025-05-28 17:08:50.355,Museum Entrance,Neutral,0.7338662147521973
2025-05-28 17:08:51.196,Museum Entrance,Neutral,0.6046538949012756
2025-05-28 17:08:57.026,Museum Entrance,Disgust,0.29652997851371765
2025-05-28 17:08:57.298,Museum Entrance,Neutral,0.33131319284439087
2025-05-28 17:08:57.568,Museum Entrance,Neutral,0.7462900280952454
2025-05-28 17:08:57.858,Museum Entrance,Neutral,0.5817193984985352
2025-05-28 17:08:58.128,Museum Entrance,Happy,0.6222028136253357
2025-05-28 17:08:58.396,Museum Entrance,Happy,0.5172378420829773
2025-05-28 17:08:58.675,Museum Entrance,Happy,0.453101247549057
2025-05-28 17:08:58.966,Museum Entrance,Neutral,0.450780987739563
2025-05-28 17:08:59.223,Museum Entrance,Happy,0.6710252165794373
2025-05-28 17:08:59.480,Museum Entrance,Happy,0.5168411731719971
2025-05-28 17:08:59.728,Museum Entrance,Happy,0.8462000489234924
2025-05-28 17:08:59.989,Museum Entrance,Happy,0.7735355496406555
2025-05-28 17:09:00.259,Museum Entrance,Happy,0.7867041826248169
2025-05-28 17:09:00.579,Museum Entrance,Happy,0.7896108627319336
2025-05-28 17:09:00.857,Museum Entrance,Happy,0.6615675687789917
2025-05-28 17:09:01.137,Museum Entrance,Sad,0.3267687261104584
2025-05-28 17:09:01.137,Museum Entrance,Happy,0.5947855114936829
2025-05-28 17:09:01.419,Museum Entrance,Sad,0.33881500363349915
2025-05-28 17:09:01.419,Museum Entrance,Happy,0.7465317845344543
2025-05-28 17:09:01.697,Museum Entrance,Disgust,0.608927845954895
2025-05-28 17:09:01.697,Museum Entrance,Happy,0.5469868779182434
2025-05-28 17:09:01.984,Museum Entrance,Sad,0.4158931374549866
2025-05-28 17:09:01.984,Museum Entrance,Happy,0.6099574565887451
2025-05-28 17:09:02.282,Museum Entrance,Sad,0.29504281282424927
2025-05-28 17:09:02.282,Museum Entrance,Happy,0.6596643328666687
2025-05-28 17:09:02.582,Museum Entrance,Sad,0.2815391421318054
2025-05-28 17:09:02.582,Museum Entrance,Happy,0.49779579043388367
2025-05-28 17:09:02.878,Museum Entrance,Sad,0.3481772243976593
2025-05-28 17:09:02.878,Museum Entrance,Neutral,0.7412415146827698
2025-05-28 17:09:03.576,Museum Entrance,Neutral,0.6747615933418274
2025-05-28 17:09:03.846,Museum Entrance,Neutral,0.778458833694458
2025-05-28 17:09:04.113,Museum Entrance,Neutral,0.7420520782470703
2025-05-28 17:09:04.412,Museum Entrance,Neutral,0.7556750178337097
2025-05-28 17:09:04.679,Museum Entrance,Sad,0.2708800435066223
2025-05-28 17:09:04.679,Museum Entrance,Neutral,0.7045365571975708
2025-05-28 17:09:04.973,Museum Entrance,Neutral,0.6655900478363037
2025-05-28 17:09:05.274,Museum Entrance,Neutral,0.6686549782752991
2025-05-28 17:09:05.552,Museum Entrance,Sad,0.5131745934486389
2025-05-28 17:09:05.552,Museum Entrance,Neutral,0.7157041430473328
2025-05-28 17:09:05.847,Museum Entrance,Neutral,0.6824024319648743
2025-05-28 17:09:06.123,Museum Entrance,Neutral,0.6757861375808716
2025-05-28 17:09:06.423,Museum Entrance,Neutral,0.5752870440483093
2025-05-28 17:09:06.691,Museum Entrance,Neutral,0.5863063931465149
2025-05-28 17:09:06.963,Museum Entrance,Neutral,0.5841447114944458
2025-05-28 17:09:07.241,Museum Entrance,Sad,0.2632729709148407
2025-05-28 17:09:07.511,Museum Entrance,Sad,0.33203041553497314
2025-05-28 17:09:07.781,Museum Entrance,Sad,0.34349021315574646
2025-05-28 17:09:08.381,Museum Entrance,Neutral,0.5151202082633972
2025-05-28 17:09:08.733,Museum Entrance,Neutral,0.7498518228530884
2025-05-28 17:09:09.033,Museum Entrance,Neutral,0.8290364146232605
2025-05-28 17:09:09.303,Museum Entrance,Neutral,0.9134066700935364
2025-05-28 17:09:10.123,Museum Entrance,Neutral,0.8060187697410583
2025-05-28 17:09:10.433,Museum Entrance,Neutral,0.7480239868164062
2025-05-28 17:09:10.748,Museum Entrance,Neutral,0.7850804924964905
2025-05-28 17:09:11.028,Museum Entrance,Neutral,0.6266856789588928
2025-05-28 17:09:11.303,Museum Entrance,Neutral,0.6956543922424316
2025-05-28 17:09:12.729,Museum Entrance,Happy,0.47851377725601196
2025-05-28 17:09:13.452,Museum Entrance,Angry,0.37120944261550903
2025-05-28 17:09:13.873,Museum Entrance,Disgust,0.8364459872245789
2025-05-28 17:09:14.926,Museum Entrance,Neutral,0.5645922422409058
2025-05-28 17:09:15.224,Museum Entrance,Neutral,0.5684516429901123
2025-05-28 17:09:15.522,Museum Entrance,Neutral,0.5274031162261963
2025-05-28 17:09:15.822,Museum Entrance,Neutral,0.6052222847938538
2025-05-28 17:09:16.122,Museum Entrance,Neutral,0.39346587657928467
2025-05-28 17:09:16.440,Museum Entrance,Sad,0.40654027462005615
2025-05-28 17:09:16.708,Museum Entrance,Angry,0.27411535382270813
2025-05-28 17:09:16.999,Museum Entrance,Sad,0.34783169627189636
2025-05-28 17:09:17.293,Museum Entrance,Neutral,0.4904051125049591
2025-05-28 17:09:17.591,Museum Entrance,Neutral,0.637139618396759
2025-05-28 17:09:17.877,Museum Entrance,Neutral,0.7431663274765015
2025-05-28 17:09:18.427,Museum Entrance,Neutral,0.46724072098731995
2025-05-28 17:09:18.717,Museum Entrance,Angry,0.268258661031723
2025-05-28 17:09:19.427,Museum Entrance,Angry,0.29308703541755676
2025-05-28 17:09:19.872,Museum Entrance,Sad,0.3290102183818817
2025-05-28 17:09:20.130,Museum Entrance,Neutral,0.5232018232345581
2025-05-28 17:09:21.577,Museum Entrance,Angry,0.3181384205818176
2025-05-28 17:09:28.347,Museum Entrance,Happy,0.46759018301963806
2025-05-28 17:09:30.199,Museum Entrance,Sad,0.5029933452606201
2025-05-28 17:09:30.773,Museum Entrance,Sad,0.48919087648391724
2025-05-28 17:09:31.069,Museum Entrance,Sad,0.39183926582336426
2025-05-28 17:09:31.355,Museum Entrance,Sad,0.3388035297393799
2025-05-28 17:09:31.649,Museum Entrance,Sad,0.3749147355556488
2025-05-28 17:09:31.940,Museum Entrance,Neutral,0.3223925232887268
2025-05-28 17:09:35.852,Museum Entrance,Disgust,0.6797934174537659
2025-05-28 17:09:37.434,Museum Entrance,Disgust,0.4099222421646118
2025-05-28 17:09:44.048,Museum Entrance,Neutral,0.28426650166511536
2025-05-28 17:09:46.908,Museum Entrance,Disgust,0.8718513250350952
2025-05-28 17:09:48.357,Museum Entrance,Disgust,0.7375670671463013
2025-05-28 17:09:49.775,Museum Entrance,Neutral,0.6607465744018555
2025-05-28 17:09:50.123,Museum Entrance,Neutral,0.7954394221305847
2025-05-28 17:09:50.413,Museum Entrance,Neutral,0.759638786315918
2025-05-28 17:09:50.673,Museum Entrance,Neutral,0.7439388036727905
2025-05-28 17:09:50.933,Museum Entrance,Neutral,0.6913217902183533
2025-05-28 17:09:51.190,Museum Entrance,Neutral,0.5796233415603638
2025-05-28 17:09:51.470,Museum Entrance,Neutral,0.34055477380752563
2025-05-28 17:09:51.731,Museum Entrance,Neutral,0.5136703252792358
2025-05-28 17:09:51.991,Museum Entrance,Neutral,0.6277821660041809
2025-05-28 17:09:52.246,Museum Entrance,Neutral,0.7026294469833374
2025-05-28 17:09:52.506,Museum Entrance,Neutral,0.48122847080230713
2025-05-28 17:09:52.756,Museum Entrance,Neutral,0.5720972418785095
2025-05-28 17:09:53.041,Museum Entrance,Neutral,0.5187563300132751
2025-05-28 17:09:53.341,Museum Entrance,Neutral,0.6653875112533569
2025-05-28 17:09:53.631,Museum Entrance,Neutral,0.7827737927436829
2025-05-28 17:09:53.890,Museum Entrance,Neutral,0.8270783424377441
2025-05-28 17:09:54.160,Museum Entrance,Neutral,0.7472095489501953
2025-05-28 17:09:54.459,Museum Entrance,Neutral,0.7303794026374817
2025-05-28 17:09:54.718,Museum Entrance,Neutral,0.7459535002708435
2025-05-28 17:09:54.980,Museum Entrance,Neutral,0.6784998178482056
2025-05-28 17:09:55.257,Museum Entrance,Neutral,0.6641591787338257
2025-05-28 17:09:55.517,Museum Entrance,Neutral,0.6946426033973694
2025-05-28 17:09:55.776,Museum Entrance,Neutral,0.6845942139625549
2025-05-28 17:09:56.033,Museum Entrance,Neutral,0.7094690203666687
2025-05-28 17:09:56.298,Museum Entrance,Neutral,0.8047945499420166
2025-05-28 17:09:56.562,Museum Entrance,Neutral,0.5799788236618042
2025-05-28 17:09:56.562,Museum Entrance,Neutral,0.521923303604126
2025-05-28 17:09:56.841,Museum Entrance,Neutral,0.3277915418148041
2025-05-28 17:09:56.841,Museum Entrance,Neutral,0.5358754992485046
2025-05-28 17:09:57.098,Museum Entrance,Neutral,0.714146614074707
2025-05-28 17:09:57.371,Museum Entrance,Neutral,0.72748202085495
2025-05-28 17:09:57.646,Museum Entrance,Neutral,0.5708240866661072
2025-05-28 17:09:59.833,Museum Entrance,Angry,0.3967975378036499
2025-05-28 17:10:01.134,Museum Entrance,Sad,0.3611583709716797
2025-05-28 17:10:02.002,Museum Entrance,Neutral,0.48122602701187134
2025-05-28 17:10:04.544,Museum Entrance,Angry,0.4117282032966614
2025-05-28 17:10:04.814,Museum Entrance,Neutral,0.6143918037414551
2025-05-28 17:10:05.104,Museum Entrance,Neutral,0.7360584139823914
2025-05-28 17:10:05.426,Museum Entrance,Neutral,0.7505016922950745
2025-05-28 17:10:12.709,Museum Entrance,Angry,0.3311956524848938
2025-05-28 17:10:22.496,Museum Entrance,Neutral,0.37888914346694946
2025-05-28 17:10:22.784,Museum Entrance,Neutral,0.6440039873123169
2025-05-28 17:10:27.987,Museum Entrance,Neutral,0.5435458421707153
2025-05-28 17:10:28.385,Museum Entrance,Neutral,0.7549594640731812
2025-05-28 17:10:28.695,Museum Entrance,Neutral,0.7133087515830994
2025-05-28 17:10:29.054,Museum Entrance,Neutral,0.7810003757476807
2025-05-28 17:10:29.383,Museum Entrance,Happy,0.896205484867096
2025-05-28 17:10:29.781,Museum Entrance,Happy,0.8170992136001587
2025-05-28 17:10:30.186,Museum Entrance,Happy,0.9243366122245789
2025-05-28 17:10:30.607,Museum Entrance,Happy,0.8354336023330688
2025-05-28 17:10:30.989,Museum Entrance,Neutral,0.8162259459495544
2025-05-28 17:10:31.368,Museum Entrance,Neutral,0.7608001828193665
2025-05-28 17:10:31.720,Museum Entrance,Neutral,0.6791841387748718
2025-05-28 17:10:32.095,Museum Entrance,Neutral,0.5774579644203186
2025-05-28 17:10:32.459,Museum Entrance,Neutral,0.4132979214191437
2025-05-28 17:10:32.794,Museum Entrance,Neutral,0.37634027004241943
2025-05-28 17:10:33.121,Museum Entrance,Angry,0.45131081342697144
2025-05-28 17:10:33.485,Museum Entrance,Angry,0.38874197006225586
2025-05-28 17:10:33.804,Museum Entrance,Angry,0.4048793911933899
2025-05-28 17:10:34.162,Museum Entrance,Angry,0.40242233872413635
2025-05-28 17:10:34.463,Museum Entrance,Angry,0.3772798776626587
2025-05-28 17:10:34.783,Museum Entrance,Angry,0.3851836323738098
2025-05-28 17:10:35.069,Museum Entrance,Angry,0.3939570188522339
2025-05-28 17:10:35.399,Museum Entrance,Angry,0.33312833309173584
2025-05-28 17:10:35.739,Museum Entrance,Angry,0.4051060974597931
2025-05-28 17:10:36.060,Museum Entrance,Angry,0.34471890330314636
2025-05-28 17:10:36.340,Museum Entrance,Angry,0.3271541893482208
2025-05-28 17:10:36.630,Museum Entrance,Angry,0.31167072057724
2025-05-28 17:10:36.906,Museum Entrance,Neutral,0.7662991881370544
2025-05-28 17:10:37.196,Museum Entrance,Neutral,0.7886256575584412
2025-05-28 17:10:37.495,Museum Entrance,Angry,0.5212565064430237
2025-05-28 17:10:37.775,Museum Entrance,Angry,0.4196244776248932
2025-05-28 17:10:38.065,Museum Entrance,Angry,0.5233659744262695
2025-05-28 17:10:38.352,Museum Entrance,Angry,0.4124794602394104
2025-05-28 17:10:38.649,Museum Entrance,Angry,0.48526531457901
2025-05-28 17:10:38.937,Museum Entrance,Angry,0.36551859974861145
2025-05-28 17:10:39.215,Museum Entrance,Angry,0.5231529474258423
2025-05-28 17:10:39.505,Museum Entrance,Angry,0.45504286885261536
2025-05-28 17:10:39.865,Museum Entrance,Surprise,0.45211756229400635
2025-05-28 17:10:40.145,Museum Entrance,Surprise,0.48599112033843994
2025-05-28 17:10:40.421,Museum Entrance,Surprise,0.3801373541355133
2025-05-28 17:10:40.711,Museum Entrance,Angry,0.41819727420806885
2025-05-28 17:10:40.988,Museum Entrance,Angry,0.4654964804649353
2025-05-28 17:10:41.265,Museum Entrance,Surprise,0.4617304503917694
2025-05-28 17:10:41.548,Museum Entrance,Angry,0.4307701289653778
2025-05-28 17:10:41.828,Museum Entrance,Neutral,0.6412671804428101
2025-05-28 17:10:42.108,Museum Entrance,Neutral,0.7768890857696533
2025-05-28 17:10:42.379,Museum Entrance,Neutral,0.7639868259429932
2025-05-28 17:10:42.656,Museum Entrance,Neutral,0.5170300602912903
2025-05-28 17:10:57.709,Museum Entrance,Sad,0.40298011898994446
2025-05-28 17:11:08.587,Museum Entrance,Angry,0.39334696531295776
2025-05-28 17:11:08.873,Museum Entrance,Angry,0.3128814101219177
2025-05-28 17:11:10.160,Museum Entrance,Neutral,0.3286120295524597
2025-05-28 17:11:10.477,Museum Entrance,Neutral,0.39540353417396545
2025-05-28 17:11:10.795,Museum Entrance,Neutral,0.4169415235519409
2025-05-28 17:11:11.096,Museum Entrance,Neutral,0.40464410185813904
2025-05-28 17:11:11.386,Museum Entrance,Neutral,0.37602272629737854
2025-05-28 17:11:12.682,Museum Entrance,Surprise,0.5328235626220703
2025-05-28 17:11:14.058,Museum Entrance,Surprise,0.508197009563446
2025-05-28 17:11:14.888,Museum Entrance,Angry,0.3509466350078583
2025-05-28 17:11:15.350,Museum Entrance,Sad,0.33907562494277954
2025-05-28 17:11:15.350,Museum Entrance,Surprise,0.5810385346412659
2025-05-28 17:11:15.802,Museum Entrance,Neutral,0.4283815920352936
2025-05-28 17:11:16.217,Museum Entrance,Neutral,0.2785256505012512
2025-05-28 17:11:16.965,Museum Entrance,Angry,0.384878933429718
2025-05-28 17:11:17.309,Museum Entrance,Neutral,0.4395996630191803
2025-05-28 17:11:17.617,Museum Entrance,Neutral,0.4502872824668884
2025-05-28 17:11:17.956,Museum Entrance,Neutral,0.41985028982162476
2025-05-28 17:11:18.575,Museum Entrance,Neutral,0.3721370995044708
2025-05-28 17:11:18.980,Museum Entrance,Surprise,0.5730064511299133
2025-05-28 17:11:19.277,Museum Entrance,Neutral,0.3321230411529541
